-- phpMyAdmin SQL Dump
-- version 4.8.5
-- https://www.phpmyadmin.net/
--
-- Host: 127.0.0.1
-- Generation Time: Apr 26, 2019 at 03:09 PM
-- Server version: 10.1.38-MariaDB
-- PHP Version: 7.1.27

SET SQL_MODE = "NO_AUTO_VALUE_ON_ZERO";
SET AUTOCOMMIT = 0;
START TRANSACTION;
SET time_zone = "+00:00";


/*!40101 SET @OLD_CHARACTER_SET_CLIENT=@@CHARACTER_SET_CLIENT */;
/*!40101 SET @OLD_CHARACTER_SET_RESULTS=@@CHARACTER_SET_RESULTS */;
/*!40101 SET @OLD_COLLATION_CONNECTION=@@COLLATION_CONNECTION */;
/*!40101 SET NAMES utf8mb4 */;

--
-- Database: `crm_enextit`
--

-- --------------------------------------------------------

--
-- Table structure for table `access_by_group`
--

CREATE TABLE `access_by_group` (
  `id` int(40) NOT NULL,
  `authorization_id` int(40) NOT NULL,
  `controller_name` varchar(100) NOT NULL,
  `function_name` varchar(100) NOT NULL
) ENGINE=InnoDB DEFAULT CHARSET=latin1;

--
-- Dumping data for table `access_by_group`
--

INSERT INTO `access_by_group` (`id`, `authorization_id`, `controller_name`, `function_name`) VALUES
(1, 1, 'frenchise', 'add_frenchise'),
(2, 0, 'frenchise', 'add_frenchise'),
(3, 0, 'account', 'invoice_list'),
(4, 0, 'crn', 'add_crn'),
(5, 1, 'frenchise', 'frenchise_list'),
(6, 0, 'frenchise', 'edit'),
(7, 1, 'frenchise', 'edit'),
(8, 1, 'plan', 'add_plan'),
(9, 1, 'plan', 'edit'),
(10, 1, 'plan', 'plan_list'),
(11, 1, 'staff', 'add_staff'),
(12, 1, 'staff', 'staff_list'),
(13, 2, 'staff', 'staff_list'),
(14, 1, 'admin', 'dashboard'),
(15, 2, 'admin', 'dashboard'),
(16, 1, 'admin', 'dashBoardCounting'),
(17, 0, 'admin', 'dashBoardCounting'),
(19, 2, 'admin', 'dashBoardCounting'),
(20, 1, 'recharge', 'recharge_panel'),
(21, 2, 'recharge', 'recharge_panel'),
(22, 1, 'recharge', 'add_recharge'),
(23, 2, 'recharge', 'add_recharge'),
(24, 1, 'recharge', 'auto_suggestion_in_recharge'),
(25, 2, 'recharge', 'auto_suggestion_in_recharge'),
(26, 1, 'recharge', 'autofill'),
(27, 2, 'recharge', 'autofill'),
(28, 1, 'recharge', 'recharge_history'),
(29, 2, 'recharge', 'recharge_history'),
(30, 1, 'recharge', 'attend_type'),
(31, 2, 'recharge', 'attend_type'),
(32, 1, 'setting', 'index'),
(33, 0, 'setting', 'index'),
(34, 0, 'setting', 'add'),
(35, 0, 'setting', 'frenchise_setting'),
(36, 1, 'setting', 'frenchise_setting'),
(37, 1, 'setting', 'add'),
(38, 0, 'setting', 'frenchise_setting_edit'),
(39, 1, 'setting', 'frenchise_setting_edit'),
(40, 1, 'ticket', 'add_ticket'),
(41, 2, 'ticket', 'add_ticket'),
(42, 1, 'ticket', 'add'),
(43, 2, 'ticket', 'add'),
(44, 1, 'ticket', 'open_ticket'),
(45, 2, 'ticket', 'open_ticket'),
(46, 1, 'ticket', 'close_ticket'),
(47, 2, 'ticket', 'close_ticket'),
(48, 1, 'ticket', ' my_close_ticket'),
(49, 2, 'ticket', ' my_close_ticket'),
(50, 1, 'ticket', 'my_open_ticket'),
(51, 2, 'ticket', ' my_open_ticket'),
(52, 1, 'ticket', 'statusChange'),
(53, 2, 'ticket', 'statusChange'),
(54, 1, 'ticket', 'existing_add'),
(55, 2, 'ticket', 'existing_add'),
(56, 3, 'ticket', 'log_ticket_by_no'),
(57, 1, 'reports', 'invoice_report'),
(58, 2, 'reports', 'invoice_report'),
(59, 1, 'reports', 'debit_credit_report'),
(60, 2, 'reports', 'debit_credit_report'),
(61, 1, 'reports', 'user_ledger_report'),
(62, 2, 'reports', 'user_ledger_report'),
(63, 1, 'reports', 'reciept_report'),
(64, 2, 'reports', 'reciept_report'),
(65, 1, 'caf', 'add_caf'),
(66, 2, 'caf', 'add_caf'),
(67, 1, 'caf', 'add_caf_process'),
(68, 2, 'caf', 'masterProof'),
(69, 1, 'caf', 'masterProof'),
(70, 1, 'caf', 'all_caf_list'),
(71, 2, 'caf', 'all_caf_list'),
(72, 1, 'caf', 'edit'),
(73, 2, 'caf', 'edit'),
(74, 1, 'caf', 'get_caf'),
(75, 2, 'caf', 'get_caf'),
(76, 1, 'caf', 'one_time_installment_form'),
(77, 2, 'caf', 'one_time_installment_form'),
(78, 1, 'caf', 'add_installment_fee'),
(79, 2, 'caf', 'add_installment_fee'),
(80, 1, 'account', 'invoice'),
(81, 2, 'account', 'invoice'),
(82, 1, 'account', 'collect_information_invoices'),
(83, 2, 'account', 'collect_information_invoices'),
(84, 1, 'account', 'reciept'),
(85, 2, 'account', 'reciept'),
(86, 1, 'account', 'get_reciept_id'),
(87, 2, 'account', 'get_reciept_id'),
(88, 1, 'account', 'get_invoice_id'),
(89, 2, 'account', 'get_invoice_id'),
(90, 1, 'account', 'get_invoice'),
(91, 2, 'account', 'get_invoice'),
(92, 1, 'account', 'get_reciept'),
(93, 2, 'account', 'get_reciept'),
(94, 1, 'account', 'add_wallet'),
(95, 1, 'account', 'invoice_list'),
(96, 2, 'account', 'invoice_list'),
(97, 1, 'account', 'invoice_list_condition'),
(98, 2, 'account', 'invoice_list_condition'),
(99, 1, 'account', 'postpaid_billing'),
(100, 1, 'account', 'autogenerated_username_password'),
(101, 2, 'account', 'autogenerated_username_password'),
(102, 1, 'group', 'add_group'),
(103, 1, 'group', 'add'),
(104, 1, 'group', 'all_group_list'),
(105, 2, 'group', 'all_group_list'),
(106, 1, 'group', 'group_info'),
(107, 2, 'group', 'group_info'),
(108, 1, 'group', 'mapGroupMember'),
(109, 2, 'group', 'mapGroupMember'),
(110, 1, 'group', 'deleteMember'),
(111, 1, 'group', 'deleteGroup'),
(112, 1, 'group', 'my_group'),
(113, 2, 'group', 'my_group'),
(114, 1, 'group', 'edit'),
(115, 1, 'task', 'add_task'),
(116, 1, 'task', 'add'),
(117, 1, 'task', 'task_list'),
(118, 2, 'task', 'task_list'),
(119, 1, 'ticket', 'ticket_list'),
(120, 2, 'ticket', 'ticket_list'),
(121, 1, 'ticket', 'ticket_response'),
(122, 2, 'ticket', 'ticket_response'),
(123, 1, 'ticket', 'log_ticket_by_ticket_no'),
(124, 2, 'ticket', 'log_ticket_by_ticket_no'),
(125, 1, 'nas', 'add_nas'),
(126, 1, 'nas', 'add'),
(127, 1, 'nas', 'nas_list'),
(128, 1, 'nas', 'remove'),
(129, 1, 'nas', 'edit_view'),
(130, 1, 'nas', 'edit'),
(131, 1, 'nas', 'validateIpAddress'),
(132, 3, 'profile', 'dashboard'),
(133, 3, 'profile', 'user_details_in_profiles'),
(134, 3, 'profile', 'user_details_in_profiles_by_caf'),
(135, 3, 'profile', 'user_caf'),
(136, 3, 'profile', 'invoice_list_user'),
(137, 3, 'profile', 'user_ledger'),
(138, 3, 'profile', 'update_profile'),
(139, 3, 'profile', 'check_password'),
(140, 3, 'profile', 'change_password'),
(141, 3, 'profile', 'get_plan_user'),
(142, 3, 'profile', 'user_logout'),
(143, 0, 'super_admin', 'dashboard'),
(144, 0, 'super_admin', 'add'),
(145, 0, 'super_admin', ''),
(146, 0, 'super_admin', 'dashBoardCounting'),
(147, 0, 'super_admin', 'list_frenchise'),
(148, 0, 'frenchise', 'frenchise_list'),
(149, 1, 'log', 'user_audit'),
(150, 2, 'log', 'user_audit'),
(151, 3, 'log', 'user_audit'),
(152, 1, 'plan', 'searchPlan'),
(153, 2, 'plan', 'searchPlan'),
(154, 1, 'plan', 'selectPlanType'),
(155, 2, 'plan', 'selectPlanType'),
(156, 1, 'admin', 'salesChart'),
(157, 2, 'admin', 'salesChart'),
(158, 1, 'crn', 'getCrnNumber'),
(159, 2, 'crn', 'getCrnNumber'),
(160, 1, 'category', 'categoryTree'),
(161, 2, 'category', 'categoryTree'),
(162, 1, 'ticket', 'getSearchResult'),
(163, 2, 'ticket', 'getSearchResult'),
(164, 1, 'ticket', 'autofill'),
(165, 2, 'ticket', 'autofill'),
(166, 1, 'ticket', 'reply'),
(167, 2, 'ticket', 'reply'),
(168, 1, 'crn', 'add_crn'),
(169, 2, 'crn', 'add_crn'),
(170, 1, 'crn', 'add_crn_process'),
(171, 2, 'crn', 'add_crn_process'),
(172, 1, 'crn', 'all_user_list'),
(173, 2, 'crn', 'all_user_list'),
(174, 1, 'crn', 'edit'),
(175, 2, 'crn', 'edit'),
(176, 1, 'crn', 'mobileCheck'),
(177, 1, 'crn', 'quick_add'),
(178, 1, 'crn', 'quick_add_process'),
(179, 1, 'crn', 'getCrnNumber'),
(180, 2, 'crn', 'getCrnNumber'),
(181, 2, 'crn', 'quick_add'),
(182, 2, 'crn', 'quick_add_process'),
(183, 2, 'crn', 'mobileCheck'),
(184, 1, 'plan', 'selectPlan'),
(185, 2, 'plan', 'selectPlan'),
(186, 1, 'sms', 'index'),
(187, 2, 'sms', 'index'),
(188, 1, 'sms', 'send_sms'),
(189, 2, 'sms', 'send_sms'),
(190, 1, 'sms', 'send_sms_notification'),
(191, 2, 'sms', 'send_sms_notification'),
(192, 1, 'account', 'frenchise_info'),
(193, 2, 'account', 'frenchise_info'),
(194, 2, 'ticket', 'my_open_ticket'),
(195, 1, 'frenchise', 'add'),
(196, 0, 'frenchise', 'add'),
(197, 0, 'frenchise', 'other_frenchise_session'),
(198, 1, 'frenchise', 'other_frenchise_session'),
(199, 1, 'staff', 'add'),
(200, 1, 'plan', 'add'),
(201, 1, 'ticket', 'existing_add'),
(202, 2, 'ticket', 'existing_add'),
(203, 1, 'ticket', 'statusChange'),
(204, 2, 'ticket', 'statusChange'),
(205, 1, 'admin', 'checkPassword'),
(206, 2, 'admin', 'checkPassword'),
(207, 1, 'admin', 'changePassword'),
(208, 2, 'admin', 'changePassword'),
(209, 1, 'admin', 'change'),
(210, 2, 'admin', 'change'),
(211, 0, 'super_admin', 'frenchise_list'),
(212, 0, 'super_admin', 'frenchise_tree_view'),
(213, 0, 'super_admin', 'tree'),
(214, 1, 'account', 'postpaid_billing'),
(215, 2, 'account', 'postpaid_billing'),
(216, 1, 'account', 'add_wallet'),
(217, 2, 'account', 'add_wallet'),
(218, 3, 'account', 'add_wallet'),
(219, 1, 'recharge', 'get_end_date'),
(220, 2, 'recharge', 'get_end_date'),
(221, 1, 'recharge', 'bill_paid_process'),
(222, 2, 'recharge', 'bill_paid_process'),
(223, 1, 'recharge', 'bill_paid'),
(224, 2, 'recharge', 'bill_paid'),
(225, 1, 'account', 'advance_rental'),
(226, 2, 'account', 'advance_rental'),
(227, 1, 'caf', 'activate_caf'),
(228, 2, 'caf', 'activate_caf'),
(229, 1, 'caf', 'deactivate_caf'),
(230, 2, 'caf', 'deactivate_caf'),
(231, 1, 'account', 'get_tax'),
(232, 2, 'account', 'get_tax'),
(233, 3, 'account', 'get_tax'),
(234, 1, 'account', 'revenue_count'),
(235, 0, 'account', 'revenue_count'),
(236, 1, 'account', 'dot_count'),
(237, 1, 'plan', 'assign_plan'),
(238, 2, 'plan', 'assign_plan'),
(239, 1, 'plan', 'assign'),
(240, 2, 'plan', 'assign'),
(241, 0, 'super_admin', 'list_frenchise'),
(242, 0, 'super_admin', 'add_frenchise'),
(243, 0, 'super_admin', 'edit'),
(244, 0, 'super_admin', 'update'),
(245, 1, 'account', 'my_wallet'),
(246, 1, 'reports', 'tax_report'),
(247, 2, 'reports', 'tax_report'),
(248, 1, 'task', 'delete_task'),
(249, 2, 'task', 'delete_task'),
(250, 1, 'setting', 'setting_billing'),
(251, 1, 'setting', 'file_upload'),
(252, 1, 'profile', 'username_change'),
(253, 2, 'profile', 'username_change'),
(254, 1, 'account', 'revanue_count'),
(255, 1, 'recharge', 'auto_suggestion_in_recharge_other'),
(256, 2, 'recharge', 'auto_suggestion_in_recharge_other'),
(257, 1, 'plan', 'deactivate_plan'),
(258, 2, 'plan', 'deactivate_plan'),
(259, 1, 'staff', 'delete_member'),
(260, 1, 'plan', 'secondry_plan_list'),
(261, 2, 'plan', 'secondry_plan_list'),
(262, 1, 'profile', 'user_details_in_profiles_by_caf'),
(263, 2, 'profile', 'user_details_in_profiles_by_caf');

-- --------------------------------------------------------

--
-- Table structure for table `access_by_indivisual`
--

CREATE TABLE `access_by_indivisual` (
  `user_id` int(30) NOT NULL,
  `controller_name` varchar(50) NOT NULL,
  `function_name` varchar(40) NOT NULL
) ENGINE=InnoDB DEFAULT CHARSET=latin1;

--
-- Dumping data for table `access_by_indivisual`
--

INSERT INTO `access_by_indivisual` (`user_id`, `controller_name`, `function_name`) VALUES
(3, 'frenchise', 'add_frenchise');

-- --------------------------------------------------------

--
-- Table structure for table `account_transaction`
--

CREATE TABLE `account_transaction` (
  `id` int(11) NOT NULL,
  `debit` varchar(30) NOT NULL DEFAULT '0',
  `credit` varchar(40) NOT NULL DEFAULT '0',
  `reference_type` int(10) NOT NULL,
  `reference_id` varchar(40) NOT NULL,
  `invoice_id` varchar(30) DEFAULT NULL,
  `reciept_id` varchar(40) DEFAULT NULL,
  `customer_id` varchar(3) DEFAULT NULL,
  `f_id` varchar(40) NOT NULL,
  `created_at` datetime NOT NULL
) ENGINE=InnoDB DEFAULT CHARSET=latin1;

--
-- Dumping data for table `account_transaction`
--

INSERT INTO `account_transaction` (`id`, `debit`, `credit`, `reference_type`, `reference_id`, `invoice_id`, `reciept_id`, `customer_id`, `f_id`, `created_at`) VALUES
(1, '500', '0', 1, '1', '1', NULL, '1', '1', '2019-03-19 16:31:17'),
(2, '0', '400', 2, '1', NULL, '1', '1', '1', '2019-03-19 16:31:17'),
(3, '5000', '0', 1, '2', '1', NULL, '2', '2', '2019-03-20 10:34:19'),
(4, '0', '1000', 2, '2', NULL, '1', '2', '2', '2019-03-20 10:34:19'),
(5, '5000', '0', 1, '3', '2', NULL, '2', '2', '2019-03-20 10:35:45'),
(6, '500', '0', 1, '4', '2', NULL, '1', '1', '2019-03-20 11:44:24'),
(7, '0', '500', 2, '3', NULL, '2', '1', '1', '2019-03-20 11:44:24'),
(8, '800', '0', 1, '5', '3', NULL, '2', '2', '2019-04-05 14:40:26'),
(9, '0', '500', 2, '4', NULL, '2', '2', '2', '2019-04-05 14:40:26'),
(10, '1300', '0', 1, '6', '4', NULL, '2', '2', '2019-04-05 15:10:48'),
(11, '800', '0', 1, '7', '5', NULL, '2', '2', '2019-04-24 12:36:00'),
(12, '0', '700', 2, '5', NULL, '3', '2', '2', '2019-04-24 12:36:00'),
(13, '500', '0', 1, '8', '6', NULL, '2', '2', '2019-04-26 13:09:36'),
(14, '0', '500', 2, '6', NULL, '4', '2', '2', '2019-04-26 13:09:36');

-- --------------------------------------------------------

--
-- Table structure for table `books`
--

CREATE TABLE `books` (
  `id` int(10) NOT NULL,
  `book_no` varchar(20) NOT NULL,
  `title` varchar(50) NOT NULL,
  `author` varchar(40) NOT NULL,
  `isbn_no` int(30) NOT NULL,
  `edition` varchar(20) NOT NULL,
  `book_category` varchar(10) NOT NULL,
  `publisher` varchar(20) NOT NULL,
  `copy` varchar(8) NOT NULL,
  `shelf_no` varchar(10) NOT NULL,
  `book_position` varchar(9) NOT NULL,
  `book_cost` varchar(10) NOT NULL,
  `langauge` varchar(10) NOT NULL,
  `book_condition` varchar(10) NOT NULL,
  `school_id` varchar(3) NOT NULL,
  `created_at` datetime NOT NULL
) ENGINE=InnoDB DEFAULT CHARSET=latin1;

-- --------------------------------------------------------

--
-- Table structure for table `category`
--

CREATE TABLE `category` (
  `id` int(10) NOT NULL,
  `category_id` int(10) NOT NULL,
  `f_id` varchar(10) NOT NULL,
  `name` varchar(100) NOT NULL,
  `parent_cat_id` varchar(100) DEFAULT NULL,
  `created_at` datetime NOT NULL
) ENGINE=InnoDB DEFAULT CHARSET=latin1;

--
-- Dumping data for table `category`
--

INSERT INTO `category` (`id`, `category_id`, `f_id`, `name`, `parent_cat_id`, `created_at`) VALUES
(34, 1, '1', 'camera', '0', '2019-03-19 16:21:51'),
(35, 2, '1', 'router', '0', '2019-03-19 16:21:59'),
(36, 1, '2', 'router', '0', '2019-03-20 10:28:55');

-- --------------------------------------------------------

--
-- Table structure for table `ci_sessions`
--

CREATE TABLE `ci_sessions` (
  `id` varchar(128) NOT NULL,
  `ip_address` varchar(45) NOT NULL,
  `timestamp` int(10) UNSIGNED NOT NULL DEFAULT '0',
  `data` blob NOT NULL
) ENGINE=InnoDB DEFAULT CHARSET=latin1;

--
-- Dumping data for table `ci_sessions`
--

INSERT INTO `ci_sessions` (`id`, `ip_address`, `timestamp`, `data`) VALUES
('23ddho7s91atg74ffmeokquljd08pvr0', '::1', 1556188508, 0x5f5f63695f6c6173745f726567656e65726174657c693a313535363138383530383b757365725f69647c733a323a223439223b757365726e616d657c733a353a2261646d696e223b747970657c733a313a2233223b617574686f72697a6174696f6e5f69647c733a313a2232223b73746166665f69647c733a313a2236223b665f69647c733a313a2232223b636f6d70616e795f6e616d657c733a373a22656e6578746974223b70726f66696c655f696d6167657c733a31333a224a656c6c79666973682e6a7067223b6e616d657c733a363a22616e75726167223b70616e656c5f636f6c6f727c4e3b6175746f5f6c6f676f75747c733a313a2230223b6175746f5f6c6f676f75745f74696d657c733a333a22333630223b6c6f675f69647c693a32313b6d656e755f64617368626f6172647c733a393a2264617368626f617264223b6d656e755f73746166667c733a383a22656d706c6f796565223b6d656e755f6163636f756e747c733a373a226163636f756e74223b6d656e755f7469636b65747c733a363a227469636b6574223b6d656e755f637573746f6d65727c733a383a22637573746f6d6572223b73616c65735f67726170687c693a313b7469636b65745f67726170687c693a303b7061796d656e745f67726170687c693a313b616c657274737c4e3b),
('hinotrv6c160824v2mqa20uklrrl2805', '::1', 1556188840, 0x5f5f63695f6c6173745f726567656e65726174657c693a313535363138383834303b757365725f69647c733a323a223439223b757365726e616d657c733a353a2261646d696e223b747970657c733a313a2233223b617574686f72697a6174696f6e5f69647c733a313a2232223b73746166665f69647c733a313a2236223b665f69647c733a313a2232223b636f6d70616e795f6e616d657c733a373a22656e6578746974223b70726f66696c655f696d6167657c733a31333a224a656c6c79666973682e6a7067223b6e616d657c733a363a22616e75726167223b70616e656c5f636f6c6f727c4e3b6175746f5f6c6f676f75747c733a313a2230223b6175746f5f6c6f676f75745f74696d657c733a333a22333630223b6c6f675f69647c693a32313b6d656e755f64617368626f6172647c733a393a2264617368626f617264223b6d656e755f73746166667c733a383a22656d706c6f796565223b6d656e755f6163636f756e747c733a373a226163636f756e74223b6d656e755f7469636b65747c733a363a227469636b6574223b6d656e755f637573746f6d65727c733a383a22637573746f6d6572223b73616c65735f67726170687c693a313b7469636b65745f67726170687c693a303b7061796d656e745f67726170687c693a313b616c657274737c4e3b),
('mn0vepsqhmlr3kus5v9eb05q772mqd7g', '::1', 1556189213, 0x5f5f63695f6c6173745f726567656e65726174657c693a313535363138393231333b757365725f69647c733a323a223439223b757365726e616d657c733a353a2261646d696e223b747970657c733a313a2233223b617574686f72697a6174696f6e5f69647c733a313a2232223b73746166665f69647c733a313a2236223b665f69647c733a313a2232223b636f6d70616e795f6e616d657c733a373a22656e6578746974223b70726f66696c655f696d6167657c733a31333a224a656c6c79666973682e6a7067223b6e616d657c733a363a22616e75726167223b70616e656c5f636f6c6f727c4e3b6175746f5f6c6f676f75747c733a313a2230223b6175746f5f6c6f676f75745f74696d657c733a333a22333630223b6c6f675f69647c693a32313b6d656e755f64617368626f6172647c733a393a2264617368626f617264223b6d656e755f73746166667c733a383a22656d706c6f796565223b6d656e755f6163636f756e747c733a373a226163636f756e74223b6d656e755f7469636b65747c733a363a227469636b6574223b6d656e755f637573746f6d65727c733a383a22637573746f6d6572223b73616c65735f67726170687c693a313b7469636b65745f67726170687c693a303b7061796d656e745f67726170687c693a313b616c657274737c4e3b),
('o8386035ct70ekljvd0p8kq278ua3951', '::1', 1556189793, 0x5f5f63695f6c6173745f726567656e65726174657c693a313535363138393739333b757365725f69647c733a323a223439223b757365726e616d657c733a353a2261646d696e223b747970657c733a313a2233223b617574686f72697a6174696f6e5f69647c733a313a2232223b73746166665f69647c733a313a2236223b665f69647c733a313a2232223b636f6d70616e795f6e616d657c733a373a22656e6578746974223b70726f66696c655f696d6167657c733a31333a224a656c6c79666973682e6a7067223b6e616d657c733a363a22616e75726167223b70616e656c5f636f6c6f727c4e3b6175746f5f6c6f676f75747c733a313a2230223b6175746f5f6c6f676f75745f74696d657c733a333a22333630223b6c6f675f69647c693a32313b6d656e755f64617368626f6172647c733a393a2264617368626f617264223b6d656e755f73746166667c733a383a22656d706c6f796565223b6d656e755f6163636f756e747c733a373a226163636f756e74223b6d656e755f7469636b65747c733a363a227469636b6574223b6d656e755f637573746f6d65727c733a383a22637573746f6d6572223b73616c65735f67726170687c693a313b7469636b65745f67726170687c693a303b7061796d656e745f67726170687c693a313b616c657274737c4e3b),
('c48ahg26mstr9h9hga4n8mnos0fjhf3k', '::1', 1556190127, 0x5f5f63695f6c6173745f726567656e65726174657c693a313535363139303132373b757365725f69647c733a323a223439223b757365726e616d657c733a353a2261646d696e223b747970657c733a313a2233223b617574686f72697a6174696f6e5f69647c733a313a2232223b73746166665f69647c733a313a2236223b665f69647c733a313a2232223b636f6d70616e795f6e616d657c733a373a22656e6578746974223b70726f66696c655f696d6167657c733a31333a224a656c6c79666973682e6a7067223b6e616d657c733a363a22616e75726167223b70616e656c5f636f6c6f727c4e3b6175746f5f6c6f676f75747c733a313a2230223b6175746f5f6c6f676f75745f74696d657c733a333a22333630223b6c6f675f69647c693a32313b6d656e755f64617368626f6172647c733a393a2264617368626f617264223b6d656e755f73746166667c733a383a22656d706c6f796565223b6d656e755f6163636f756e747c733a373a226163636f756e74223b6d656e755f7469636b65747c733a363a227469636b6574223b6d656e755f637573746f6d65727c733a383a22637573746f6d6572223b73616c65735f67726170687c693a313b7469636b65745f67726170687c693a303b7061796d656e745f67726170687c693a313b616c657274737c4e3b),
('qpah484sa6mat8gn1n6u19hr7qn4hot2', '::1', 1556190431, 0x5f5f63695f6c6173745f726567656e65726174657c693a313535363139303433313b757365725f69647c733a323a223439223b757365726e616d657c733a353a2261646d696e223b747970657c733a313a2233223b617574686f72697a6174696f6e5f69647c733a313a2232223b73746166665f69647c733a313a2236223b665f69647c733a313a2232223b636f6d70616e795f6e616d657c733a373a22656e6578746974223b70726f66696c655f696d6167657c733a31333a224a656c6c79666973682e6a7067223b6e616d657c733a363a22616e75726167223b70616e656c5f636f6c6f727c4e3b6175746f5f6c6f676f75747c733a313a2230223b6175746f5f6c6f676f75745f74696d657c733a333a22333630223b6c6f675f69647c693a32313b6d656e755f64617368626f6172647c733a393a2264617368626f617264223b6d656e755f73746166667c733a383a22656d706c6f796565223b6d656e755f6163636f756e747c733a373a226163636f756e74223b6d656e755f7469636b65747c733a363a227469636b6574223b6d656e755f637573746f6d65727c733a383a22637573746f6d6572223b73616c65735f67726170687c693a313b7469636b65745f67726170687c693a303b7061796d656e745f67726170687c693a313b616c657274737c4e3b),
('93umd7c4o87r4g2jrrrle1121c3nl2jd', '::1', 1556190740, 0x5f5f63695f6c6173745f726567656e65726174657c693a313535363139303734303b757365725f69647c733a323a223439223b757365726e616d657c733a353a2261646d696e223b747970657c733a313a2233223b617574686f72697a6174696f6e5f69647c733a313a2232223b73746166665f69647c733a313a2236223b665f69647c733a313a2232223b636f6d70616e795f6e616d657c733a373a22656e6578746974223b70726f66696c655f696d6167657c733a31333a224a656c6c79666973682e6a7067223b6e616d657c733a363a22616e75726167223b70616e656c5f636f6c6f727c4e3b6175746f5f6c6f676f75747c733a313a2230223b6175746f5f6c6f676f75745f74696d657c733a333a22333630223b6c6f675f69647c693a32313b6d656e755f64617368626f6172647c733a393a2264617368626f617264223b6d656e755f73746166667c733a383a22656d706c6f796565223b6d656e755f6163636f756e747c733a373a226163636f756e74223b6d656e755f7469636b65747c733a363a227469636b6574223b6d656e755f637573746f6d65727c733a383a22637573746f6d6572223b73616c65735f67726170687c693a313b7469636b65745f67726170687c693a303b7061796d656e745f67726170687c693a313b616c657274737c4e3b),
('kbv6eqd7esek23i20cjn68gh646eh1j6', '::1', 1556191072, 0x5f5f63695f6c6173745f726567656e65726174657c693a313535363139313037323b757365725f69647c733a323a223439223b757365726e616d657c733a353a2261646d696e223b747970657c733a313a2233223b617574686f72697a6174696f6e5f69647c733a313a2232223b73746166665f69647c733a313a2236223b665f69647c733a313a2232223b636f6d70616e795f6e616d657c733a373a22656e6578746974223b70726f66696c655f696d6167657c733a31333a224a656c6c79666973682e6a7067223b6e616d657c733a363a22616e75726167223b70616e656c5f636f6c6f727c4e3b6175746f5f6c6f676f75747c733a313a2230223b6175746f5f6c6f676f75745f74696d657c733a333a22333630223b6c6f675f69647c693a32313b6d656e755f64617368626f6172647c733a393a2264617368626f617264223b6d656e755f73746166667c733a383a22656d706c6f796565223b6d656e755f6163636f756e747c733a373a226163636f756e74223b6d656e755f7469636b65747c733a363a227469636b6574223b6d656e755f637573746f6d65727c733a383a22637573746f6d6572223b73616c65735f67726170687c693a313b7469636b65745f67726170687c693a303b7061796d656e745f67726170687c693a313b616c657274737c4e3b),
('jb2n5j6u9l1kdi56cjr12hqmdckti2io', '::1', 1556192965, 0x5f5f63695f6c6173745f726567656e65726174657c693a313535363139323936353b757365725f69647c733a323a223439223b757365726e616d657c733a353a2261646d696e223b747970657c733a313a2233223b617574686f72697a6174696f6e5f69647c733a313a2232223b73746166665f69647c733a313a2236223b665f69647c733a313a2232223b636f6d70616e795f6e616d657c733a373a22656e6578746974223b70726f66696c655f696d6167657c733a31333a224a656c6c79666973682e6a7067223b6e616d657c733a363a22616e75726167223b70616e656c5f636f6c6f727c4e3b6175746f5f6c6f676f75747c733a313a2230223b6175746f5f6c6f676f75745f74696d657c733a333a22333630223b6c6f675f69647c693a32313b6d656e755f64617368626f6172647c733a393a2264617368626f617264223b6d656e755f73746166667c733a383a22656d706c6f796565223b6d656e755f6163636f756e747c733a373a226163636f756e74223b6d656e755f7469636b65747c733a363a227469636b6574223b6d656e755f637573746f6d65727c733a383a22637573746f6d6572223b73616c65735f67726170687c693a313b7469636b65745f67726170687c693a303b7061796d656e745f67726170687c693a313b616c657274737c4e3b),
('q4636i7mlcfrmk560tmkjv2kar2tncfm', '::1', 1556194344, 0x5f5f63695f6c6173745f726567656e65726174657c693a313535363139343334343b757365725f69647c733a323a223439223b757365726e616d657c733a353a2261646d696e223b747970657c733a313a2233223b617574686f72697a6174696f6e5f69647c733a313a2232223b73746166665f69647c733a313a2236223b665f69647c733a313a2232223b636f6d70616e795f6e616d657c733a373a22656e6578746974223b70726f66696c655f696d6167657c733a31333a224a656c6c79666973682e6a7067223b6e616d657c733a363a22616e75726167223b70616e656c5f636f6c6f727c4e3b6175746f5f6c6f676f75747c733a313a2230223b6175746f5f6c6f676f75745f74696d657c733a333a22333630223b6c6f675f69647c693a32313b6d656e755f64617368626f6172647c733a393a2264617368626f617264223b6d656e755f73746166667c733a383a22656d706c6f796565223b6d656e755f6163636f756e747c733a373a226163636f756e74223b6d656e755f7469636b65747c733a363a227469636b6574223b6d656e755f637573746f6d65727c733a383a22637573746f6d6572223b73616c65735f67726170687c693a313b7469636b65745f67726170687c693a303b7061796d656e745f67726170687c693a313b616c657274737c4e3b),
('c0ea85r03d699nfr0kkuh10os83069du', '::1', 1556194672, 0x5f5f63695f6c6173745f726567656e65726174657c693a313535363139343637323b757365725f69647c733a323a223439223b757365726e616d657c733a353a2261646d696e223b747970657c733a313a2233223b617574686f72697a6174696f6e5f69647c733a313a2232223b73746166665f69647c733a313a2236223b665f69647c733a313a2232223b636f6d70616e795f6e616d657c733a373a22656e6578746974223b70726f66696c655f696d6167657c733a31333a224a656c6c79666973682e6a7067223b6e616d657c733a363a22616e75726167223b70616e656c5f636f6c6f727c4e3b6175746f5f6c6f676f75747c733a313a2230223b6175746f5f6c6f676f75745f74696d657c733a333a22333630223b6c6f675f69647c693a32313b6d656e755f64617368626f6172647c733a393a2264617368626f617264223b6d656e755f73746166667c733a383a22656d706c6f796565223b6d656e755f6163636f756e747c733a373a226163636f756e74223b6d656e755f7469636b65747c733a363a227469636b6574223b6d656e755f637573746f6d65727c733a383a22637573746f6d6572223b73616c65735f67726170687c693a313b7469636b65745f67726170687c693a303b7061796d656e745f67726170687c693a313b616c657274737c4e3b),
('j70annagfs8lj0sfqouruqto29fi4n55', '::1', 1556194991, 0x5f5f63695f6c6173745f726567656e65726174657c693a313535363139343939313b757365725f69647c733a323a223439223b757365726e616d657c733a353a2261646d696e223b747970657c733a313a2233223b617574686f72697a6174696f6e5f69647c733a313a2232223b73746166665f69647c733a313a2236223b665f69647c733a313a2232223b636f6d70616e795f6e616d657c733a373a22656e6578746974223b70726f66696c655f696d6167657c733a31333a224a656c6c79666973682e6a7067223b6e616d657c733a363a22616e75726167223b70616e656c5f636f6c6f727c4e3b6175746f5f6c6f676f75747c733a313a2230223b6175746f5f6c6f676f75745f74696d657c733a333a22333630223b6c6f675f69647c693a32313b6d656e755f64617368626f6172647c733a393a2264617368626f617264223b6d656e755f73746166667c733a383a22656d706c6f796565223b6d656e755f6163636f756e747c733a373a226163636f756e74223b6d656e755f7469636b65747c733a363a227469636b6574223b6d656e755f637573746f6d65727c733a383a22637573746f6d6572223b73616c65735f67726170687c693a313b7469636b65745f67726170687c693a303b7061796d656e745f67726170687c693a313b616c657274737c4e3b),
('9cnoag789vv6b81kt8n2eoh0isjc7ahk', '::1', 1556195303, 0x5f5f63695f6c6173745f726567656e65726174657c693a313535363139353330333b757365725f69647c733a323a223439223b757365726e616d657c733a353a2261646d696e223b747970657c733a313a2233223b617574686f72697a6174696f6e5f69647c733a313a2232223b73746166665f69647c733a313a2236223b665f69647c733a313a2232223b636f6d70616e795f6e616d657c733a373a22656e6578746974223b70726f66696c655f696d6167657c733a31333a224a656c6c79666973682e6a7067223b6e616d657c733a363a22616e75726167223b70616e656c5f636f6c6f727c4e3b6175746f5f6c6f676f75747c733a313a2230223b6175746f5f6c6f676f75745f74696d657c733a333a22333630223b6c6f675f69647c693a32313b6d656e755f64617368626f6172647c733a393a2264617368626f617264223b6d656e755f73746166667c733a383a22656d706c6f796565223b6d656e755f6163636f756e747c733a373a226163636f756e74223b6d656e755f7469636b65747c733a363a227469636b6574223b6d656e755f637573746f6d65727c733a383a22637573746f6d6572223b73616c65735f67726170687c693a313b7469636b65745f67726170687c693a303b7061796d656e745f67726170687c693a313b616c657274737c4e3b),
('ld7ej0qqo7nehgrba6co6qv57vfqppf4', '::1', 1556195611, 0x5f5f63695f6c6173745f726567656e65726174657c693a313535363139353631313b757365725f69647c733a323a223439223b757365726e616d657c733a353a2261646d696e223b747970657c733a313a2233223b617574686f72697a6174696f6e5f69647c733a313a2232223b73746166665f69647c733a313a2236223b665f69647c733a313a2232223b636f6d70616e795f6e616d657c733a373a22656e6578746974223b70726f66696c655f696d6167657c733a31333a224a656c6c79666973682e6a7067223b6e616d657c733a363a22616e75726167223b70616e656c5f636f6c6f727c4e3b6175746f5f6c6f676f75747c733a313a2230223b6175746f5f6c6f676f75745f74696d657c733a333a22333630223b6c6f675f69647c693a32313b6d656e755f64617368626f6172647c733a393a2264617368626f617264223b6d656e755f73746166667c733a383a22656d706c6f796565223b6d656e755f6163636f756e747c733a373a226163636f756e74223b6d656e755f7469636b65747c733a363a227469636b6574223b6d656e755f637573746f6d65727c733a383a22637573746f6d6572223b73616c65735f67726170687c693a313b7469636b65745f67726170687c693a303b7061796d656e745f67726170687c693a313b616c657274737c4e3b),
('ttf37jkdlkmj5qt7lnhapn41of4egdas', '::1', 1556196000, 0x5f5f63695f6c6173745f726567656e65726174657c693a313535363139363030303b757365725f69647c733a323a223439223b757365726e616d657c733a353a2261646d696e223b747970657c733a313a2233223b617574686f72697a6174696f6e5f69647c733a313a2232223b73746166665f69647c733a313a2236223b665f69647c733a313a2232223b636f6d70616e795f6e616d657c733a373a22656e6578746974223b70726f66696c655f696d6167657c733a31333a224a656c6c79666973682e6a7067223b6e616d657c733a363a22616e75726167223b70616e656c5f636f6c6f727c4e3b6175746f5f6c6f676f75747c733a313a2230223b6175746f5f6c6f676f75745f74696d657c733a333a22333630223b6c6f675f69647c693a32313b6d656e755f64617368626f6172647c733a393a2264617368626f617264223b6d656e755f73746166667c733a383a22656d706c6f796565223b6d656e755f6163636f756e747c733a373a226163636f756e74223b6d656e755f7469636b65747c733a363a227469636b6574223b6d656e755f637573746f6d65727c733a383a22637573746f6d6572223b73616c65735f67726170687c693a313b7469636b65745f67726170687c693a303b7061796d656e745f67726170687c693a313b616c657274737c4e3b),
('rqg35lfuj21sjd4m5pd8fi4m5f8ljvae', '::1', 1556196582, 0x5f5f63695f6c6173745f726567656e65726174657c693a313535363139363538323b757365725f69647c733a323a223439223b757365726e616d657c733a353a2261646d696e223b747970657c733a313a2233223b617574686f72697a6174696f6e5f69647c733a313a2232223b73746166665f69647c733a313a2236223b665f69647c733a313a2232223b636f6d70616e795f6e616d657c733a373a22656e6578746974223b70726f66696c655f696d6167657c733a31333a224a656c6c79666973682e6a7067223b6e616d657c733a363a22616e75726167223b70616e656c5f636f6c6f727c4e3b6175746f5f6c6f676f75747c733a313a2230223b6175746f5f6c6f676f75745f74696d657c733a333a22333630223b6c6f675f69647c693a32313b6d656e755f64617368626f6172647c733a393a2264617368626f617264223b6d656e755f73746166667c733a383a22656d706c6f796565223b6d656e755f6163636f756e747c733a373a226163636f756e74223b6d656e755f7469636b65747c733a363a227469636b6574223b6d656e755f637573746f6d65727c733a383a22637573746f6d6572223b73616c65735f67726170687c693a313b7469636b65745f67726170687c693a303b7061796d656e745f67726170687c693a313b616c657274737c4e3b),
('90pto5hporcobj836mkc8080lc90l6ko', '::1', 1556196980, 0x5f5f63695f6c6173745f726567656e65726174657c693a313535363139363938303b757365725f69647c733a323a223439223b757365726e616d657c733a353a2261646d696e223b747970657c733a313a2233223b617574686f72697a6174696f6e5f69647c733a313a2232223b73746166665f69647c733a313a2236223b665f69647c733a313a2232223b636f6d70616e795f6e616d657c733a373a22656e6578746974223b70726f66696c655f696d6167657c733a31333a224a656c6c79666973682e6a7067223b6e616d657c733a363a22616e75726167223b70616e656c5f636f6c6f727c4e3b6175746f5f6c6f676f75747c733a313a2230223b6175746f5f6c6f676f75745f74696d657c733a333a22333630223b6c6f675f69647c693a32313b6d656e755f64617368626f6172647c733a393a2264617368626f617264223b6d656e755f73746166667c733a383a22656d706c6f796565223b6d656e755f6163636f756e747c733a373a226163636f756e74223b6d656e755f7469636b65747c733a363a227469636b6574223b6d656e755f637573746f6d65727c733a383a22637573746f6d6572223b73616c65735f67726170687c693a313b7469636b65745f67726170687c693a303b7061796d656e745f67726170687c693a313b616c657274737c4e3b),
('3o61me0611jvg62gdsuh62junduk2lpl', '::1', 1556197603, 0x5f5f63695f6c6173745f726567656e65726174657c693a313535363139373630333b757365725f69647c733a323a223439223b757365726e616d657c733a353a2261646d696e223b747970657c733a313a2233223b617574686f72697a6174696f6e5f69647c733a313a2232223b73746166665f69647c733a313a2236223b665f69647c733a313a2232223b636f6d70616e795f6e616d657c733a373a22656e6578746974223b70726f66696c655f696d6167657c733a31333a224a656c6c79666973682e6a7067223b6e616d657c733a363a22616e75726167223b70616e656c5f636f6c6f727c4e3b6175746f5f6c6f676f75747c733a313a2230223b6175746f5f6c6f676f75745f74696d657c733a333a22333630223b6c6f675f69647c693a32313b6d656e755f64617368626f6172647c733a393a2264617368626f617264223b6d656e755f73746166667c733a383a22656d706c6f796565223b6d656e755f6163636f756e747c733a373a226163636f756e74223b6d656e755f7469636b65747c733a363a227469636b6574223b6d656e755f637573746f6d65727c733a383a22637573746f6d6572223b73616c65735f67726170687c693a313b7469636b65745f67726170687c693a303b7061796d656e745f67726170687c693a313b616c657274737c4e3b),
('a8kcnuqsupph3gba7eocvtj980vf9dlu', '::1', 1556197905, 0x5f5f63695f6c6173745f726567656e65726174657c693a313535363139373930353b757365725f69647c733a323a223439223b757365726e616d657c733a353a2261646d696e223b747970657c733a313a2233223b617574686f72697a6174696f6e5f69647c733a313a2232223b73746166665f69647c733a313a2236223b665f69647c733a313a2232223b636f6d70616e795f6e616d657c733a373a22656e6578746974223b70726f66696c655f696d6167657c733a31333a224a656c6c79666973682e6a7067223b6e616d657c733a363a22616e75726167223b70616e656c5f636f6c6f727c4e3b6175746f5f6c6f676f75747c733a313a2230223b6175746f5f6c6f676f75745f74696d657c733a333a22333630223b6c6f675f69647c693a32313b6d656e755f64617368626f6172647c733a393a2264617368626f617264223b6d656e755f73746166667c733a383a22656d706c6f796565223b6d656e755f6163636f756e747c733a373a226163636f756e74223b6d656e755f7469636b65747c733a363a227469636b6574223b6d656e755f637573746f6d65727c733a383a22637573746f6d6572223b73616c65735f67726170687c693a313b7469636b65745f67726170687c693a303b7061796d656e745f67726170687c693a313b616c657274737c4e3b),
('bbfn76hl2b177fc8gq4no3tlf49sefdo', '::1', 1556197999, 0x5f5f63695f6c6173745f726567656e65726174657c693a313535363139373930353b757365725f69647c733a323a223439223b757365726e616d657c733a353a2261646d696e223b747970657c733a313a2233223b617574686f72697a6174696f6e5f69647c733a313a2232223b73746166665f69647c733a313a2236223b665f69647c733a313a2232223b636f6d70616e795f6e616d657c733a373a22656e6578746974223b70726f66696c655f696d6167657c733a31333a224a656c6c79666973682e6a7067223b6e616d657c733a363a22616e75726167223b70616e656c5f636f6c6f727c4e3b6175746f5f6c6f676f75747c733a313a2230223b6175746f5f6c6f676f75745f74696d657c733a333a22333630223b6c6f675f69647c693a32313b6d656e755f64617368626f6172647c733a393a2264617368626f617264223b6d656e755f73746166667c733a383a22656d706c6f796565223b6d656e755f6163636f756e747c733a373a226163636f756e74223b6d656e755f7469636b65747c733a363a227469636b6574223b6d656e755f637573746f6d65727c733a383a22637573746f6d6572223b73616c65735f67726170687c693a313b7469636b65745f67726170687c693a303b7061796d656e745f67726170687c693a313b616c657274737c4e3b),
('bmc11g5l58fdf3dknitcl58eli619a3b', '::1', 1556255286, 0x5f5f63695f6c6173745f726567656e65726174657c693a313535363235353238363b757365725f69647c733a323a223439223b757365726e616d657c733a353a2261646d696e223b747970657c733a313a2233223b617574686f72697a6174696f6e5f69647c733a313a2232223b73746166665f69647c733a313a2236223b665f69647c733a313a2232223b636f6d70616e795f6e616d657c733a373a22656e6578746974223b70726f66696c655f696d6167657c733a31333a224a656c6c79666973682e6a7067223b6e616d657c733a363a22616e75726167223b70616e656c5f636f6c6f727c4e3b6175746f5f6c6f676f75747c733a313a2230223b6175746f5f6c6f676f75745f74696d657c733a333a22333630223b6c6f675f69647c693a32323b6d656e755f64617368626f6172647c733a393a2264617368626f617264223b6d656e755f73746166667c733a383a22656d706c6f796565223b6d656e755f6163636f756e747c733a373a226163636f756e74223b6d656e755f7469636b65747c733a363a227469636b6574223b6d656e755f637573746f6d65727c733a383a22637573746f6d6572223b73616c65735f67726170687c693a313b7469636b65745f67726170687c693a303b7061796d656e745f67726170687c693a313b),
('4ve74csl21o3roib08sbq98ip4db9c9b', '::1', 1556256149, 0x5f5f63695f6c6173745f726567656e65726174657c693a313535363235363134393b757365725f69647c733a323a223439223b757365726e616d657c733a353a2261646d696e223b747970657c733a313a2233223b617574686f72697a6174696f6e5f69647c733a313a2232223b73746166665f69647c733a313a2236223b665f69647c733a313a2232223b636f6d70616e795f6e616d657c733a373a22656e6578746974223b70726f66696c655f696d6167657c733a31333a224a656c6c79666973682e6a7067223b6e616d657c733a363a22616e75726167223b70616e656c5f636f6c6f727c4e3b6175746f5f6c6f676f75747c733a313a2230223b6175746f5f6c6f676f75745f74696d657c733a333a22333630223b6c6f675f69647c693a32323b6d656e755f64617368626f6172647c733a393a2264617368626f617264223b6d656e755f73746166667c733a383a22656d706c6f796565223b6d656e755f6163636f756e747c733a373a226163636f756e74223b6d656e755f7469636b65747c733a363a227469636b6574223b6d656e755f637573746f6d65727c733a383a22637573746f6d6572223b73616c65735f67726170687c693a313b7469636b65745f67726170687c693a303b7061796d656e745f67726170687c693a313b),
('e1euhtql7iu81nr2m7j4qcguu3rr4dps', '::1', 1556256463, 0x5f5f63695f6c6173745f726567656e65726174657c693a313535363235363436333b757365725f69647c733a323a223439223b757365726e616d657c733a353a2261646d696e223b747970657c733a313a2233223b617574686f72697a6174696f6e5f69647c733a313a2232223b73746166665f69647c733a313a2236223b665f69647c733a313a2232223b636f6d70616e795f6e616d657c733a373a22656e6578746974223b70726f66696c655f696d6167657c733a31333a224a656c6c79666973682e6a7067223b6e616d657c733a363a22616e75726167223b70616e656c5f636f6c6f727c4e3b6175746f5f6c6f676f75747c733a313a2230223b6175746f5f6c6f676f75745f74696d657c733a333a22333630223b6c6f675f69647c693a32323b6d656e755f64617368626f6172647c733a393a2264617368626f617264223b6d656e755f73746166667c733a383a22656d706c6f796565223b6d656e755f6163636f756e747c733a373a226163636f756e74223b6d656e755f7469636b65747c733a363a227469636b6574223b6d656e755f637573746f6d65727c733a383a22637573746f6d6572223b73616c65735f67726170687c693a313b7469636b65745f67726170687c693a303b7061796d656e745f67726170687c693a313b),
('2ejt79tboj65jv95cgtpkveuop2e4iir', '::1', 1556256769, 0x5f5f63695f6c6173745f726567656e65726174657c693a313535363235363736393b757365725f69647c733a323a223439223b757365726e616d657c733a353a2261646d696e223b747970657c733a313a2233223b617574686f72697a6174696f6e5f69647c733a313a2232223b73746166665f69647c733a313a2236223b665f69647c733a313a2232223b636f6d70616e795f6e616d657c733a373a22656e6578746974223b70726f66696c655f696d6167657c733a31333a224a656c6c79666973682e6a7067223b6e616d657c733a363a22616e75726167223b70616e656c5f636f6c6f727c4e3b6175746f5f6c6f676f75747c733a313a2230223b6175746f5f6c6f676f75745f74696d657c733a333a22333630223b6c6f675f69647c693a32323b6d656e755f64617368626f6172647c733a393a2264617368626f617264223b6d656e755f73746166667c733a383a22656d706c6f796565223b6d656e755f6163636f756e747c733a373a226163636f756e74223b6d656e755f7469636b65747c733a363a227469636b6574223b6d656e755f637573746f6d65727c733a383a22637573746f6d6572223b73616c65735f67726170687c693a313b7469636b65745f67726170687c693a303b7061796d656e745f67726170687c693a313b),
('tq5637qsiep2403ri3b0jou3kqvea5ln', '::1', 1556257127, 0x5f5f63695f6c6173745f726567656e65726174657c693a313535363235373132373b757365725f69647c733a323a223439223b757365726e616d657c733a353a2261646d696e223b747970657c733a313a2233223b617574686f72697a6174696f6e5f69647c733a313a2232223b73746166665f69647c733a313a2236223b665f69647c733a313a2232223b636f6d70616e795f6e616d657c733a373a22656e6578746974223b70726f66696c655f696d6167657c733a31333a224a656c6c79666973682e6a7067223b6e616d657c733a363a22616e75726167223b70616e656c5f636f6c6f727c4e3b6175746f5f6c6f676f75747c733a313a2230223b6175746f5f6c6f676f75745f74696d657c733a333a22333630223b6c6f675f69647c693a32323b6d656e755f64617368626f6172647c733a393a2264617368626f617264223b6d656e755f73746166667c733a383a22656d706c6f796565223b6d656e755f6163636f756e747c733a373a226163636f756e74223b6d656e755f7469636b65747c733a363a227469636b6574223b6d656e755f637573746f6d65727c733a383a22637573746f6d6572223b73616c65735f67726170687c693a313b7469636b65745f67726170687c693a303b7061796d656e745f67726170687c693a313b),
('9qnqf6akhiqfvv038tc2mbj48ohqnu5s', '::1', 1556257649, 0x5f5f63695f6c6173745f726567656e65726174657c693a313535363235373634393b757365725f69647c733a323a223439223b757365726e616d657c733a353a2261646d696e223b747970657c733a313a2233223b617574686f72697a6174696f6e5f69647c733a313a2232223b73746166665f69647c733a313a2236223b665f69647c733a313a2232223b636f6d70616e795f6e616d657c733a373a22656e6578746974223b70726f66696c655f696d6167657c733a31333a224a656c6c79666973682e6a7067223b6e616d657c733a363a22616e75726167223b70616e656c5f636f6c6f727c4e3b6175746f5f6c6f676f75747c733a313a2230223b6175746f5f6c6f676f75745f74696d657c733a333a22333630223b6c6f675f69647c693a32323b6d656e755f64617368626f6172647c733a393a2264617368626f617264223b6d656e755f73746166667c733a383a22656d706c6f796565223b6d656e755f6163636f756e747c733a373a226163636f756e74223b6d656e755f7469636b65747c733a363a227469636b6574223b6d656e755f637573746f6d65727c733a383a22637573746f6d6572223b73616c65735f67726170687c693a313b7469636b65745f67726170687c693a303b7061796d656e745f67726170687c693a313b),
('7pnir3966qqndtaivemvskchgekg1nm4', '::1', 1556258295, 0x5f5f63695f6c6173745f726567656e65726174657c693a313535363235383239353b757365725f69647c733a323a223439223b757365726e616d657c733a353a2261646d696e223b747970657c733a313a2233223b617574686f72697a6174696f6e5f69647c733a313a2232223b73746166665f69647c733a313a2236223b665f69647c733a313a2232223b636f6d70616e795f6e616d657c733a373a22656e6578746974223b70726f66696c655f696d6167657c733a31333a224a656c6c79666973682e6a7067223b6e616d657c733a363a22616e75726167223b70616e656c5f636f6c6f727c4e3b6175746f5f6c6f676f75747c733a313a2230223b6175746f5f6c6f676f75745f74696d657c733a333a22333630223b6c6f675f69647c693a32323b6d656e755f64617368626f6172647c733a393a2264617368626f617264223b6d656e755f73746166667c733a383a22656d706c6f796565223b6d656e755f6163636f756e747c733a373a226163636f756e74223b6d656e755f7469636b65747c733a363a227469636b6574223b6d656e755f637573746f6d65727c733a383a22637573746f6d6572223b73616c65735f67726170687c693a313b7469636b65745f67726170687c693a303b7061796d656e745f67726170687c693a313b),
('rrusk7239vpad1ke2fl97oql0gmqhgse', '::1', 1556258656, 0x5f5f63695f6c6173745f726567656e65726174657c693a313535363235383635363b757365725f69647c733a323a223439223b757365726e616d657c733a353a2261646d696e223b747970657c733a313a2233223b617574686f72697a6174696f6e5f69647c733a313a2232223b73746166665f69647c733a313a2236223b665f69647c733a313a2232223b636f6d70616e795f6e616d657c733a373a22656e6578746974223b70726f66696c655f696d6167657c733a31333a224a656c6c79666973682e6a7067223b6e616d657c733a363a22616e75726167223b70616e656c5f636f6c6f727c4e3b6175746f5f6c6f676f75747c733a313a2230223b6175746f5f6c6f676f75745f74696d657c733a333a22333630223b6c6f675f69647c693a32323b6d656e755f64617368626f6172647c733a393a2264617368626f617264223b6d656e755f73746166667c733a383a22656d706c6f796565223b6d656e755f6163636f756e747c733a373a226163636f756e74223b6d656e755f7469636b65747c733a363a227469636b6574223b6d656e755f637573746f6d65727c733a383a22637573746f6d6572223b73616c65735f67726170687c693a313b7469636b65745f67726170687c693a303b7061796d656e745f67726170687c693a313b),
('sm27mdeej6inkq17fv5mku2564nm54ui', '::1', 1556260389, 0x5f5f63695f6c6173745f726567656e65726174657c693a313535363236303338393b757365725f69647c733a323a223439223b757365726e616d657c733a353a2261646d696e223b747970657c733a313a2233223b617574686f72697a6174696f6e5f69647c733a313a2232223b73746166665f69647c733a313a2236223b665f69647c733a313a2232223b636f6d70616e795f6e616d657c733a373a22656e6578746974223b70726f66696c655f696d6167657c733a31333a224a656c6c79666973682e6a7067223b6e616d657c733a363a22616e75726167223b70616e656c5f636f6c6f727c4e3b6175746f5f6c6f676f75747c733a313a2230223b6175746f5f6c6f676f75745f74696d657c733a333a22333630223b6c6f675f69647c693a32323b6d656e755f64617368626f6172647c733a393a2264617368626f617264223b6d656e755f73746166667c733a383a22656d706c6f796565223b6d656e755f6163636f756e747c733a373a226163636f756e74223b6d656e755f7469636b65747c733a363a227469636b6574223b6d656e755f637573746f6d65727c733a383a22637573746f6d6572223b73616c65735f67726170687c693a313b7469636b65745f67726170687c693a303b7061796d656e745f67726170687c693a313b),
('6ks4t45541b0neb72clfj9e09jkpbqec', '::1', 1556261827, 0x5f5f63695f6c6173745f726567656e65726174657c693a313535363236313832373b757365725f69647c733a323a223439223b757365726e616d657c733a353a2261646d696e223b747970657c733a313a2233223b617574686f72697a6174696f6e5f69647c733a313a2232223b73746166665f69647c733a313a2236223b665f69647c733a313a2232223b636f6d70616e795f6e616d657c733a373a22656e6578746974223b70726f66696c655f696d6167657c733a31333a224a656c6c79666973682e6a7067223b6e616d657c733a363a22616e75726167223b70616e656c5f636f6c6f727c4e3b6175746f5f6c6f676f75747c733a313a2230223b6175746f5f6c6f676f75745f74696d657c733a333a22333630223b6c6f675f69647c693a32323b6d656e755f64617368626f6172647c733a393a2264617368626f617264223b6d656e755f73746166667c733a383a22656d706c6f796565223b6d656e755f6163636f756e747c733a373a226163636f756e74223b6d656e755f7469636b65747c733a363a227469636b6574223b6d656e755f637573746f6d65727c733a383a22637573746f6d6572223b73616c65735f67726170687c693a313b7469636b65745f67726170687c693a303b7061796d656e745f67726170687c693a313b),
('ijluduc0l423n5pjngr9dsq7htvdslh7', '::1', 1556262143, 0x5f5f63695f6c6173745f726567656e65726174657c693a313535363236323134333b757365725f69647c733a323a223439223b757365726e616d657c733a353a2261646d696e223b747970657c733a313a2233223b617574686f72697a6174696f6e5f69647c733a313a2232223b73746166665f69647c733a313a2236223b665f69647c733a313a2232223b636f6d70616e795f6e616d657c733a373a22656e6578746974223b70726f66696c655f696d6167657c733a31333a224a656c6c79666973682e6a7067223b6e616d657c733a363a22616e75726167223b70616e656c5f636f6c6f727c4e3b6175746f5f6c6f676f75747c733a313a2230223b6175746f5f6c6f676f75745f74696d657c733a333a22333630223b6c6f675f69647c693a32323b6d656e755f64617368626f6172647c733a393a2264617368626f617264223b6d656e755f73746166667c733a383a22656d706c6f796565223b6d656e755f6163636f756e747c733a373a226163636f756e74223b6d656e755f7469636b65747c733a363a227469636b6574223b6d656e755f637573746f6d65727c733a383a22637573746f6d6572223b73616c65735f67726170687c693a313b7469636b65745f67726170687c693a303b7061796d656e745f67726170687c693a313b),
('9njnrth8vt5slm7qvadtuc9040l8m4us', '::1', 1556262605, 0x5f5f63695f6c6173745f726567656e65726174657c693a313535363236323630353b757365725f69647c733a323a223439223b757365726e616d657c733a353a2261646d696e223b747970657c733a313a2233223b617574686f72697a6174696f6e5f69647c733a313a2232223b73746166665f69647c733a313a2236223b665f69647c733a313a2232223b636f6d70616e795f6e616d657c733a373a22656e6578746974223b70726f66696c655f696d6167657c733a31333a224a656c6c79666973682e6a7067223b6e616d657c733a363a22616e75726167223b70616e656c5f636f6c6f727c4e3b6175746f5f6c6f676f75747c733a313a2230223b6175746f5f6c6f676f75745f74696d657c733a333a22333630223b6c6f675f69647c693a32323b6d656e755f64617368626f6172647c733a393a2264617368626f617264223b6d656e755f73746166667c733a383a22656d706c6f796565223b6d656e755f6163636f756e747c733a373a226163636f756e74223b6d656e755f7469636b65747c733a363a227469636b6574223b6d656e755f637573746f6d65727c733a383a22637573746f6d6572223b73616c65735f67726170687c693a313b7469636b65745f67726170687c693a303b7061796d656e745f67726170687c693a313b616c657274737c4e3b),
('ee88135tq8rpj4cbdoelnc8ecd4il61p', '::1', 1556262908, 0x5f5f63695f6c6173745f726567656e65726174657c693a313535363236323930383b757365725f69647c733a323a223439223b757365726e616d657c733a353a2261646d696e223b747970657c733a313a2233223b617574686f72697a6174696f6e5f69647c733a313a2232223b73746166665f69647c733a313a2236223b665f69647c733a313a2232223b636f6d70616e795f6e616d657c733a373a22656e6578746974223b70726f66696c655f696d6167657c733a31333a224a656c6c79666973682e6a7067223b6e616d657c733a363a22616e75726167223b70616e656c5f636f6c6f727c4e3b6175746f5f6c6f676f75747c733a313a2230223b6175746f5f6c6f676f75745f74696d657c733a333a22333630223b6c6f675f69647c693a32323b6d656e755f64617368626f6172647c733a393a2264617368626f617264223b6d656e755f73746166667c733a383a22656d706c6f796565223b6d656e755f6163636f756e747c733a373a226163636f756e74223b6d656e755f7469636b65747c733a363a227469636b6574223b6d656e755f637573746f6d65727c733a383a22637573746f6d6572223b73616c65735f67726170687c693a313b7469636b65745f67726170687c693a303b7061796d656e745f67726170687c693a313b616c657274737c4e3b),
('67oaceo0qt0es67kfccih4r9hvtibll2', '::1', 1556263248, 0x5f5f63695f6c6173745f726567656e65726174657c693a313535363236333234383b757365725f69647c733a323a223439223b757365726e616d657c733a353a2261646d696e223b747970657c733a313a2233223b617574686f72697a6174696f6e5f69647c733a313a2232223b73746166665f69647c733a313a2236223b665f69647c733a313a2232223b636f6d70616e795f6e616d657c733a373a22656e6578746974223b70726f66696c655f696d6167657c733a31333a224a656c6c79666973682e6a7067223b6e616d657c733a363a22616e75726167223b70616e656c5f636f6c6f727c4e3b6175746f5f6c6f676f75747c733a313a2230223b6175746f5f6c6f676f75745f74696d657c733a333a22333630223b6c6f675f69647c693a32323b6d656e755f64617368626f6172647c733a393a2264617368626f617264223b6d656e755f73746166667c733a383a22656d706c6f796565223b6d656e755f6163636f756e747c733a373a226163636f756e74223b6d656e755f7469636b65747c733a363a227469636b6574223b6d656e755f637573746f6d65727c733a383a22637573746f6d6572223b73616c65735f67726170687c693a313b7469636b65745f67726170687c693a303b7061796d656e745f67726170687c693a313b616c657274737c4e3b),
('8or91bv61l8ftflqqscn0o9pduqin6mn', '::1', 1556263603, 0x5f5f63695f6c6173745f726567656e65726174657c693a313535363236333630333b757365725f69647c733a323a223439223b757365726e616d657c733a353a2261646d696e223b747970657c733a313a2233223b617574686f72697a6174696f6e5f69647c733a313a2232223b73746166665f69647c733a313a2236223b665f69647c733a313a2232223b636f6d70616e795f6e616d657c733a373a22656e6578746974223b70726f66696c655f696d6167657c733a31333a224a656c6c79666973682e6a7067223b6e616d657c733a363a22616e75726167223b70616e656c5f636f6c6f727c4e3b6175746f5f6c6f676f75747c733a313a2230223b6175746f5f6c6f676f75745f74696d657c733a333a22333630223b6c6f675f69647c693a32323b6d656e755f64617368626f6172647c733a393a2264617368626f617264223b6d656e755f73746166667c733a383a22656d706c6f796565223b6d656e755f6163636f756e747c733a373a226163636f756e74223b6d656e755f7469636b65747c733a363a227469636b6574223b6d656e755f637573746f6d65727c733a383a22637573746f6d6572223b73616c65735f67726170687c693a313b7469636b65745f67726170687c693a303b7061796d656e745f67726170687c693a313b616c657274737c4e3b),
('hdcbo7r45pb3narkn80tp0fojjo570ee', '::1', 1556263986, 0x5f5f63695f6c6173745f726567656e65726174657c693a313535363236333938363b757365725f69647c733a323a223439223b757365726e616d657c733a353a2261646d696e223b747970657c733a313a2233223b617574686f72697a6174696f6e5f69647c733a313a2232223b73746166665f69647c733a313a2236223b665f69647c733a313a2232223b636f6d70616e795f6e616d657c733a373a22656e6578746974223b70726f66696c655f696d6167657c733a31333a224a656c6c79666973682e6a7067223b6e616d657c733a363a22616e75726167223b70616e656c5f636f6c6f727c4e3b6175746f5f6c6f676f75747c733a313a2230223b6175746f5f6c6f676f75745f74696d657c733a333a22333630223b6c6f675f69647c693a32323b6d656e755f64617368626f6172647c733a393a2264617368626f617264223b6d656e755f73746166667c733a383a22656d706c6f796565223b6d656e755f6163636f756e747c733a373a226163636f756e74223b6d656e755f7469636b65747c733a363a227469636b6574223b6d656e755f637573746f6d65727c733a383a22637573746f6d6572223b73616c65735f67726170687c693a313b7469636b65745f67726170687c693a303b7061796d656e745f67726170687c693a313b616c657274737c4e3b),
('p7ljg7tg2p8uha6gt4uq2phg639gt0c3', '::1', 1556264375, 0x5f5f63695f6c6173745f726567656e65726174657c693a313535363236343337353b757365725f69647c733a323a223439223b757365726e616d657c733a353a2261646d696e223b747970657c733a313a2233223b617574686f72697a6174696f6e5f69647c733a313a2232223b73746166665f69647c733a313a2236223b665f69647c733a313a2232223b636f6d70616e795f6e616d657c733a373a22656e6578746974223b70726f66696c655f696d6167657c733a31333a224a656c6c79666973682e6a7067223b6e616d657c733a363a22616e75726167223b70616e656c5f636f6c6f727c4e3b6175746f5f6c6f676f75747c733a313a2230223b6175746f5f6c6f676f75745f74696d657c733a333a22333630223b6c6f675f69647c693a32323b6d656e755f64617368626f6172647c733a393a2264617368626f617264223b6d656e755f73746166667c733a383a22656d706c6f796565223b6d656e755f6163636f756e747c733a373a226163636f756e74223b6d656e755f7469636b65747c733a363a227469636b6574223b6d656e755f637573746f6d65727c733a383a22637573746f6d6572223b73616c65735f67726170687c693a313b7469636b65745f67726170687c693a303b7061796d656e745f67726170687c693a313b616c657274737c4e3b),
('6ek8j2shkoka3fpfkk463emdes1v2eto', '::1', 1556265324, 0x5f5f63695f6c6173745f726567656e65726174657c693a313535363236353332343b757365725f69647c733a323a223439223b757365726e616d657c733a353a2261646d696e223b747970657c733a313a2233223b617574686f72697a6174696f6e5f69647c733a313a2232223b73746166665f69647c733a313a2236223b665f69647c733a313a2232223b636f6d70616e795f6e616d657c733a373a22656e6578746974223b70726f66696c655f696d6167657c733a31333a224a656c6c79666973682e6a7067223b6e616d657c733a363a22616e75726167223b70616e656c5f636f6c6f727c4e3b6175746f5f6c6f676f75747c733a313a2230223b6175746f5f6c6f676f75745f74696d657c733a333a22333630223b6c6f675f69647c693a32323b6d656e755f64617368626f6172647c733a393a2264617368626f617264223b6d656e755f73746166667c733a383a22656d706c6f796565223b6d656e755f6163636f756e747c733a373a226163636f756e74223b6d656e755f7469636b65747c733a363a227469636b6574223b6d656e755f637573746f6d65727c733a383a22637573746f6d6572223b73616c65735f67726170687c693a313b7469636b65745f67726170687c693a303b7061796d656e745f67726170687c693a313b616c657274737c4e3b),
('9e1m0ptg2p1kr7fkuu9d72oba8vhumb1', '::1', 1556265760, 0x5f5f63695f6c6173745f726567656e65726174657c693a313535363236353736303b757365725f69647c733a323a223439223b757365726e616d657c733a353a2261646d696e223b747970657c733a313a2233223b617574686f72697a6174696f6e5f69647c733a313a2232223b73746166665f69647c733a313a2236223b665f69647c733a313a2232223b636f6d70616e795f6e616d657c733a373a22656e6578746974223b70726f66696c655f696d6167657c733a31333a224a656c6c79666973682e6a7067223b6e616d657c733a363a22616e75726167223b70616e656c5f636f6c6f727c4e3b6175746f5f6c6f676f75747c733a313a2230223b6175746f5f6c6f676f75745f74696d657c733a333a22333630223b6c6f675f69647c693a32323b6d656e755f64617368626f6172647c733a393a2264617368626f617264223b6d656e755f73746166667c733a383a22656d706c6f796565223b6d656e755f6163636f756e747c733a373a226163636f756e74223b6d656e755f7469636b65747c733a363a227469636b6574223b6d656e755f637573746f6d65727c733a383a22637573746f6d6572223b73616c65735f67726170687c693a313b7469636b65745f67726170687c693a303b7061796d656e745f67726170687c693a313b616c657274737c4e3b),
('k9hl2sjok605sjedjm75uq2l6s2fit7h', '::1', 1556267548, 0x5f5f63695f6c6173745f726567656e65726174657c693a313535363236373534383b757365725f69647c733a323a223439223b757365726e616d657c733a353a2261646d696e223b747970657c733a313a2233223b617574686f72697a6174696f6e5f69647c733a313a2232223b73746166665f69647c733a313a2236223b665f69647c733a313a2232223b636f6d70616e795f6e616d657c733a373a22656e6578746974223b70726f66696c655f696d6167657c733a31333a224a656c6c79666973682e6a7067223b6e616d657c733a363a22616e75726167223b70616e656c5f636f6c6f727c4e3b6175746f5f6c6f676f75747c733a313a2230223b6175746f5f6c6f676f75745f74696d657c733a333a22333630223b6c6f675f69647c693a32323b6d656e755f64617368626f6172647c733a393a2264617368626f617264223b6d656e755f73746166667c733a383a22656d706c6f796565223b6d656e755f6163636f756e747c733a373a226163636f756e74223b6d656e755f7469636b65747c733a363a227469636b6574223b6d656e755f637573746f6d65727c733a383a22637573746f6d6572223b73616c65735f67726170687c693a313b7469636b65745f67726170687c693a303b7061796d656e745f67726170687c693a313b616c657274737c4e3b),
('56o3vmui29sgvmcg2m29v4e1t2vtksss', '::1', 1556270753, 0x5f5f63695f6c6173745f726567656e65726174657c693a313535363237303735333b757365725f69647c733a323a223439223b757365726e616d657c733a353a2261646d696e223b747970657c733a313a2233223b617574686f72697a6174696f6e5f69647c733a313a2232223b73746166665f69647c733a313a2236223b665f69647c733a313a2232223b636f6d70616e795f6e616d657c733a373a22656e6578746974223b70726f66696c655f696d6167657c733a31333a224a656c6c79666973682e6a7067223b6e616d657c733a363a22616e75726167223b70616e656c5f636f6c6f727c4e3b6175746f5f6c6f676f75747c733a313a2230223b6175746f5f6c6f676f75745f74696d657c733a333a22333630223b6c6f675f69647c693a32323b6d656e755f64617368626f6172647c733a393a2264617368626f617264223b6d656e755f73746166667c733a383a22656d706c6f796565223b6d656e755f6163636f756e747c733a373a226163636f756e74223b6d656e755f7469636b65747c733a363a227469636b6574223b6d656e755f637573746f6d65727c733a383a22637573746f6d6572223b73616c65735f67726170687c693a313b7469636b65745f67726170687c693a303b7061796d656e745f67726170687c693a313b616c657274737c4e3b),
('5l3b1r1heft7uv9lh8ofnfambsm2dabp', '::1', 1556272522, 0x5f5f63695f6c6173745f726567656e65726174657c693a313535363237323532323b757365725f69647c733a323a223439223b757365726e616d657c733a353a2261646d696e223b747970657c733a313a2233223b617574686f72697a6174696f6e5f69647c733a313a2232223b73746166665f69647c733a313a2236223b665f69647c733a313a2232223b636f6d70616e795f6e616d657c733a373a22656e6578746974223b70726f66696c655f696d6167657c733a31333a224a656c6c79666973682e6a7067223b6e616d657c733a363a22616e75726167223b70616e656c5f636f6c6f727c4e3b6175746f5f6c6f676f75747c733a313a2230223b6175746f5f6c6f676f75745f74696d657c733a333a22333630223b6c6f675f69647c693a32323b6d656e755f64617368626f6172647c733a393a2264617368626f617264223b6d656e755f73746166667c733a383a22656d706c6f796565223b6d656e755f6163636f756e747c733a373a226163636f756e74223b6d656e755f7469636b65747c733a363a227469636b6574223b6d656e755f637573746f6d65727c733a383a22637573746f6d6572223b73616c65735f67726170687c693a313b7469636b65745f67726170687c693a303b7061796d656e745f67726170687c693a313b616c657274737c4e3b),
('csgpd7eqithc19qrehd0pvucuklqh5e0', '::1', 1556273078, 0x5f5f63695f6c6173745f726567656e65726174657c693a313535363237333037383b757365725f69647c733a323a223439223b757365726e616d657c733a353a2261646d696e223b747970657c733a313a2233223b617574686f72697a6174696f6e5f69647c733a313a2232223b73746166665f69647c733a313a2236223b665f69647c733a313a2232223b636f6d70616e795f6e616d657c733a373a22656e6578746974223b70726f66696c655f696d6167657c733a31333a224a656c6c79666973682e6a7067223b6e616d657c733a363a22616e75726167223b70616e656c5f636f6c6f727c4e3b6175746f5f6c6f676f75747c733a313a2230223b6175746f5f6c6f676f75745f74696d657c733a333a22333630223b6c6f675f69647c693a32323b6d656e755f64617368626f6172647c733a393a2264617368626f617264223b6d656e755f73746166667c733a383a22656d706c6f796565223b6d656e755f6163636f756e747c733a373a226163636f756e74223b6d656e755f7469636b65747c733a363a227469636b6574223b6d656e755f637573746f6d65727c733a383a22637573746f6d6572223b73616c65735f67726170687c693a313b7469636b65745f67726170687c693a303b7061796d656e745f67726170687c693a313b616c657274737c4e3b),
('lsgqtp6q3j06ih1hpque2j6j5esg3msj', '::1', 1556273410, 0x5f5f63695f6c6173745f726567656e65726174657c693a313535363237333431303b757365725f69647c733a323a223439223b757365726e616d657c733a353a2261646d696e223b747970657c733a313a2233223b617574686f72697a6174696f6e5f69647c733a313a2232223b73746166665f69647c733a313a2236223b665f69647c733a313a2232223b636f6d70616e795f6e616d657c733a373a22656e6578746974223b70726f66696c655f696d6167657c733a31333a224a656c6c79666973682e6a7067223b6e616d657c733a363a22616e75726167223b70616e656c5f636f6c6f727c4e3b6175746f5f6c6f676f75747c733a313a2230223b6175746f5f6c6f676f75745f74696d657c733a333a22333630223b6c6f675f69647c693a32323b6d656e755f64617368626f6172647c733a393a2264617368626f617264223b6d656e755f73746166667c733a383a22656d706c6f796565223b6d656e755f6163636f756e747c733a373a226163636f756e74223b6d656e755f7469636b65747c733a363a227469636b6574223b6d656e755f637573746f6d65727c733a383a22637573746f6d6572223b73616c65735f67726170687c693a313b7469636b65745f67726170687c693a303b7061796d656e745f67726170687c693a313b616c657274737c4e3b),
('dcgjavhf3ltr6vin0vage4lf7l4j0d6n', '::1', 1556273811, 0x5f5f63695f6c6173745f726567656e65726174657c693a313535363237333831313b757365725f69647c733a323a223439223b757365726e616d657c733a353a2261646d696e223b747970657c733a313a2233223b617574686f72697a6174696f6e5f69647c733a313a2232223b73746166665f69647c733a313a2236223b665f69647c733a313a2232223b636f6d70616e795f6e616d657c733a373a22656e6578746974223b70726f66696c655f696d6167657c733a31333a224a656c6c79666973682e6a7067223b6e616d657c733a363a22616e75726167223b70616e656c5f636f6c6f727c4e3b6175746f5f6c6f676f75747c733a313a2230223b6175746f5f6c6f676f75745f74696d657c733a333a22333630223b6c6f675f69647c693a32323b6d656e755f64617368626f6172647c733a393a2264617368626f617264223b6d656e755f73746166667c733a383a22656d706c6f796565223b6d656e755f6163636f756e747c733a373a226163636f756e74223b6d656e755f7469636b65747c733a363a227469636b6574223b6d656e755f637573746f6d65727c733a383a22637573746f6d6572223b73616c65735f67726170687c693a313b7469636b65745f67726170687c693a303b7061796d656e745f67726170687c693a313b616c657274737c4e3b),
('fvvv1hbaup8qmojmchasrmrp1aadcsc6', '::1', 1556274276, 0x5f5f63695f6c6173745f726567656e65726174657c693a313535363237343237363b757365725f69647c733a323a223439223b757365726e616d657c733a353a2261646d696e223b747970657c733a313a2233223b617574686f72697a6174696f6e5f69647c733a313a2232223b73746166665f69647c733a313a2236223b665f69647c733a313a2232223b636f6d70616e795f6e616d657c733a373a22656e6578746974223b70726f66696c655f696d6167657c733a31333a224a656c6c79666973682e6a7067223b6e616d657c733a363a22616e75726167223b70616e656c5f636f6c6f727c4e3b6175746f5f6c6f676f75747c733a313a2230223b6175746f5f6c6f676f75745f74696d657c733a333a22333630223b6c6f675f69647c693a32323b6d656e755f64617368626f6172647c733a393a2264617368626f617264223b6d656e755f73746166667c733a383a22656d706c6f796565223b6d656e755f6163636f756e747c733a373a226163636f756e74223b6d656e755f7469636b65747c733a363a227469636b6574223b6d656e755f637573746f6d65727c733a383a22637573746f6d6572223b73616c65735f67726170687c693a313b7469636b65745f67726170687c693a303b7061796d656e745f67726170687c693a313b616c657274737c4e3b),
('lk8kc8g4di90rsvo6mi4ejf2comvco25', '::1', 1556274851, 0x5f5f63695f6c6173745f726567656e65726174657c693a313535363237343835313b757365725f69647c733a323a223439223b757365726e616d657c733a353a2261646d696e223b747970657c733a313a2233223b617574686f72697a6174696f6e5f69647c733a313a2232223b73746166665f69647c733a313a2236223b665f69647c733a313a2232223b636f6d70616e795f6e616d657c733a373a22656e6578746974223b70726f66696c655f696d6167657c733a31333a224a656c6c79666973682e6a7067223b6e616d657c733a363a22616e75726167223b70616e656c5f636f6c6f727c4e3b6175746f5f6c6f676f75747c733a313a2230223b6175746f5f6c6f676f75745f74696d657c733a333a22333630223b6c6f675f69647c693a32323b6d656e755f64617368626f6172647c733a393a2264617368626f617264223b6d656e755f73746166667c733a383a22656d706c6f796565223b6d656e755f6163636f756e747c733a373a226163636f756e74223b6d656e755f7469636b65747c733a363a227469636b6574223b6d656e755f637573746f6d65727c733a383a22637573746f6d6572223b73616c65735f67726170687c693a313b7469636b65745f67726170687c693a303b7061796d656e745f67726170687c693a313b616c657274737c4e3b),
('fu84oom452iian5dtja4t1iirn9ahthh', '::1', 1556275334, 0x5f5f63695f6c6173745f726567656e65726174657c693a313535363237353333343b757365725f69647c733a323a223439223b757365726e616d657c733a353a2261646d696e223b747970657c733a313a2233223b617574686f72697a6174696f6e5f69647c733a313a2232223b73746166665f69647c733a313a2236223b665f69647c733a313a2232223b636f6d70616e795f6e616d657c733a373a22656e6578746974223b70726f66696c655f696d6167657c733a31333a224a656c6c79666973682e6a7067223b6e616d657c733a363a22616e75726167223b70616e656c5f636f6c6f727c4e3b6175746f5f6c6f676f75747c733a313a2230223b6175746f5f6c6f676f75745f74696d657c733a333a22333630223b6c6f675f69647c693a32323b6d656e755f64617368626f6172647c733a393a2264617368626f617264223b6d656e755f73746166667c733a383a22656d706c6f796565223b6d656e755f6163636f756e747c733a373a226163636f756e74223b6d656e755f7469636b65747c733a363a227469636b6574223b6d656e755f637573746f6d65727c733a383a22637573746f6d6572223b73616c65735f67726170687c693a313b7469636b65745f67726170687c693a303b7061796d656e745f67726170687c693a313b616c657274737c4e3b);
INSERT INTO `ci_sessions` (`id`, `ip_address`, `timestamp`, `data`) VALUES
('lkfmhp37bembn6ph0s2c46v4a0mj1feu', '::1', 1556276994, 0x5f5f63695f6c6173745f726567656e65726174657c693a313535363237363939343b757365725f69647c733a323a223439223b757365726e616d657c733a353a2261646d696e223b747970657c733a313a2233223b617574686f72697a6174696f6e5f69647c733a313a2232223b73746166665f69647c733a313a2236223b665f69647c733a313a2232223b636f6d70616e795f6e616d657c733a373a22656e6578746974223b70726f66696c655f696d6167657c733a31333a224a656c6c79666973682e6a7067223b6e616d657c733a363a22616e75726167223b70616e656c5f636f6c6f727c4e3b6175746f5f6c6f676f75747c733a313a2230223b6175746f5f6c6f676f75745f74696d657c733a333a22333630223b6c6f675f69647c693a32323b6d656e755f64617368626f6172647c733a393a2264617368626f617264223b6d656e755f73746166667c733a383a22656d706c6f796565223b6d656e755f6163636f756e747c733a373a226163636f756e74223b6d656e755f7469636b65747c733a363a227469636b6574223b6d656e755f637573746f6d65727c733a383a22637573746f6d6572223b73616c65735f67726170687c693a313b7469636b65745f67726170687c693a303b7061796d656e745f67726170687c693a313b616c657274737c4e3b),
('a87dbj860alnrbp8n2sdcj03afqjvmne', '::1', 1556278365, 0x5f5f63695f6c6173745f726567656e65726174657c693a313535363237383336353b757365725f69647c733a323a223439223b757365726e616d657c733a353a2261646d696e223b747970657c733a313a2233223b617574686f72697a6174696f6e5f69647c733a313a2232223b73746166665f69647c733a313a2236223b665f69647c733a313a2232223b636f6d70616e795f6e616d657c733a373a22656e6578746974223b70726f66696c655f696d6167657c733a31333a224a656c6c79666973682e6a7067223b6e616d657c733a363a22616e75726167223b70616e656c5f636f6c6f727c4e3b6175746f5f6c6f676f75747c733a313a2230223b6175746f5f6c6f676f75745f74696d657c733a333a22333630223b6c6f675f69647c693a32323b6d656e755f64617368626f6172647c733a393a2264617368626f617264223b6d656e755f73746166667c733a383a22656d706c6f796565223b6d656e755f6163636f756e747c733a373a226163636f756e74223b6d656e755f7469636b65747c733a363a227469636b6574223b6d656e755f637573746f6d65727c733a383a22637573746f6d6572223b73616c65735f67726170687c693a313b7469636b65745f67726170687c693a303b7061796d656e745f67726170687c693a313b616c657274737c4e3b),
('v0o6t9rusk8smlm3n122isstphbrkudj', '::1', 1556278841, 0x5f5f63695f6c6173745f726567656e65726174657c693a313535363237383834313b757365725f69647c733a323a223439223b757365726e616d657c733a353a2261646d696e223b747970657c733a313a2233223b617574686f72697a6174696f6e5f69647c733a313a2232223b73746166665f69647c733a313a2236223b665f69647c733a313a2232223b636f6d70616e795f6e616d657c733a373a22656e6578746974223b70726f66696c655f696d6167657c733a31333a224a656c6c79666973682e6a7067223b6e616d657c733a363a22616e75726167223b70616e656c5f636f6c6f727c4e3b6175746f5f6c6f676f75747c733a313a2230223b6175746f5f6c6f676f75745f74696d657c733a333a22333630223b6c6f675f69647c693a32323b6d656e755f64617368626f6172647c733a393a2264617368626f617264223b6d656e755f73746166667c733a383a22656d706c6f796565223b6d656e755f6163636f756e747c733a373a226163636f756e74223b6d656e755f7469636b65747c733a363a227469636b6574223b6d656e755f637573746f6d65727c733a383a22637573746f6d6572223b73616c65735f67726170687c693a313b7469636b65745f67726170687c693a303b7061796d656e745f67726170687c693a313b616c657274737c613a323a7b733a383a227365766572697479223b733a373a2273756363657373223b733a353a227469746c65223b733a31353a2273756363657366756c6c7920616464223b7d),
('agc6bf9hl3mtinf2ap8e1gn0qvqa94j7', '::1', 1556279386, 0x5f5f63695f6c6173745f726567656e65726174657c693a313535363237393338363b757365725f69647c733a323a223439223b757365726e616d657c733a353a2261646d696e223b747970657c733a313a2233223b617574686f72697a6174696f6e5f69647c733a313a2232223b73746166665f69647c733a313a2236223b665f69647c733a313a2232223b636f6d70616e795f6e616d657c733a373a22656e6578746974223b70726f66696c655f696d6167657c733a31333a224a656c6c79666973682e6a7067223b6e616d657c733a363a22616e75726167223b70616e656c5f636f6c6f727c4e3b6175746f5f6c6f676f75747c733a313a2230223b6175746f5f6c6f676f75745f74696d657c733a333a22333630223b6c6f675f69647c693a32323b6d656e755f64617368626f6172647c733a393a2264617368626f617264223b6d656e755f73746166667c733a383a22656d706c6f796565223b6d656e755f6163636f756e747c733a373a226163636f756e74223b6d656e755f7469636b65747c733a363a227469636b6574223b6d656e755f637573746f6d65727c733a383a22637573746f6d6572223b73616c65735f67726170687c693a313b7469636b65745f67726170687c693a303b7061796d656e745f67726170687c693a313b616c657274737c613a323a7b733a383a227365766572697479223b733a373a2273756363657373223b733a353a227469746c65223b733a31353a2273756363657366756c6c7920616464223b7d),
('i44o2r1f62r4bcte517bfudmk8j5ihu8', '::1', 1556279696, 0x5f5f63695f6c6173745f726567656e65726174657c693a313535363237393639363b757365725f69647c733a323a223439223b757365726e616d657c733a353a2261646d696e223b747970657c733a313a2233223b617574686f72697a6174696f6e5f69647c733a313a2232223b73746166665f69647c733a313a2236223b665f69647c733a313a2232223b636f6d70616e795f6e616d657c733a373a22656e6578746974223b70726f66696c655f696d6167657c733a31333a224a656c6c79666973682e6a7067223b6e616d657c733a363a22616e75726167223b70616e656c5f636f6c6f727c4e3b6175746f5f6c6f676f75747c733a313a2230223b6175746f5f6c6f676f75745f74696d657c733a333a22333630223b6c6f675f69647c693a32323b6d656e755f64617368626f6172647c733a393a2264617368626f617264223b6d656e755f73746166667c733a383a22656d706c6f796565223b6d656e755f6163636f756e747c733a373a226163636f756e74223b6d656e755f7469636b65747c733a363a227469636b6574223b6d656e755f637573746f6d65727c733a383a22637573746f6d6572223b73616c65735f67726170687c693a313b7469636b65745f67726170687c693a303b7061796d656e745f67726170687c693a313b616c657274737c4e3b),
('pfbskadjlqb0oeg9kc1kdqsunmfl69a1', '::1', 1556280442, 0x5f5f63695f6c6173745f726567656e65726174657c693a313535363238303434323b757365725f69647c733a323a223439223b757365726e616d657c733a353a2261646d696e223b747970657c733a313a2233223b617574686f72697a6174696f6e5f69647c733a313a2232223b73746166665f69647c733a313a2236223b665f69647c733a313a2232223b636f6d70616e795f6e616d657c733a373a22656e6578746974223b70726f66696c655f696d6167657c733a31333a224a656c6c79666973682e6a7067223b6e616d657c733a363a22616e75726167223b70616e656c5f636f6c6f727c4e3b6175746f5f6c6f676f75747c733a313a2230223b6175746f5f6c6f676f75745f74696d657c733a333a22333630223b6c6f675f69647c693a32323b6d656e755f64617368626f6172647c733a393a2264617368626f617264223b6d656e755f73746166667c733a383a22656d706c6f796565223b6d656e755f6163636f756e747c733a373a226163636f756e74223b6d656e755f7469636b65747c733a363a227469636b6574223b6d656e755f637573746f6d65727c733a383a22637573746f6d6572223b73616c65735f67726170687c693a313b7469636b65745f67726170687c693a303b7061796d656e745f67726170687c693a313b616c657274737c4e3b),
('dqiherb385tghg6eag94lknkvdl5frpi', '::1', 1556280840, 0x5f5f63695f6c6173745f726567656e65726174657c693a313535363238303834303b757365725f69647c733a323a223439223b757365726e616d657c733a353a2261646d696e223b747970657c733a313a2233223b617574686f72697a6174696f6e5f69647c733a313a2232223b73746166665f69647c733a313a2236223b665f69647c733a313a2232223b636f6d70616e795f6e616d657c733a373a22656e6578746974223b70726f66696c655f696d6167657c733a31333a224a656c6c79666973682e6a7067223b6e616d657c733a363a22616e75726167223b70616e656c5f636f6c6f727c4e3b6175746f5f6c6f676f75747c733a313a2230223b6175746f5f6c6f676f75745f74696d657c733a333a22333630223b6c6f675f69647c693a32323b6d656e755f64617368626f6172647c733a393a2264617368626f617264223b6d656e755f73746166667c733a383a22656d706c6f796565223b6d656e755f6163636f756e747c733a373a226163636f756e74223b6d656e755f7469636b65747c733a363a227469636b6574223b6d656e755f637573746f6d65727c733a383a22637573746f6d6572223b73616c65735f67726170687c693a313b7469636b65745f67726170687c693a303b7061796d656e745f67726170687c693a313b616c657274737c4e3b),
('8gfkjg3cco5ak2lcjulld5fdt0k9m7bd', '::1', 1556281208, 0x5f5f63695f6c6173745f726567656e65726174657c693a313535363238313230383b757365725f69647c733a323a223439223b757365726e616d657c733a353a2261646d696e223b747970657c733a313a2233223b617574686f72697a6174696f6e5f69647c733a313a2232223b73746166665f69647c733a313a2236223b665f69647c733a313a2232223b636f6d70616e795f6e616d657c733a373a22656e6578746974223b70726f66696c655f696d6167657c733a31333a224a656c6c79666973682e6a7067223b6e616d657c733a363a22616e75726167223b70616e656c5f636f6c6f727c4e3b6175746f5f6c6f676f75747c733a313a2230223b6175746f5f6c6f676f75745f74696d657c733a333a22333630223b6c6f675f69647c693a32323b6d656e755f64617368626f6172647c733a393a2264617368626f617264223b6d656e755f73746166667c733a383a22656d706c6f796565223b6d656e755f6163636f756e747c733a373a226163636f756e74223b6d656e755f7469636b65747c733a363a227469636b6574223b6d656e755f637573746f6d65727c733a383a22637573746f6d6572223b73616c65735f67726170687c693a313b7469636b65745f67726170687c693a303b7061796d656e745f67726170687c693a313b616c657274737c4e3b),
('a9b2rgeefcl3ped18pi9t0naaragdkpf', '::1', 1556281509, 0x5f5f63695f6c6173745f726567656e65726174657c693a313535363238313530393b757365725f69647c733a323a223439223b757365726e616d657c733a353a2261646d696e223b747970657c733a313a2233223b617574686f72697a6174696f6e5f69647c733a313a2232223b73746166665f69647c733a313a2236223b665f69647c733a313a2232223b636f6d70616e795f6e616d657c733a373a22656e6578746974223b70726f66696c655f696d6167657c733a31333a224a656c6c79666973682e6a7067223b6e616d657c733a363a22616e75726167223b70616e656c5f636f6c6f727c4e3b6175746f5f6c6f676f75747c733a313a2230223b6175746f5f6c6f676f75745f74696d657c733a333a22333630223b6c6f675f69647c693a32323b6d656e755f64617368626f6172647c733a393a2264617368626f617264223b6d656e755f73746166667c733a383a22656d706c6f796565223b6d656e755f6163636f756e747c733a373a226163636f756e74223b6d656e755f7469636b65747c733a363a227469636b6574223b6d656e755f637573746f6d65727c733a383a22637573746f6d6572223b73616c65735f67726170687c693a313b7469636b65745f67726170687c693a303b7061796d656e745f67726170687c693a313b616c657274737c4e3b),
('hf5c9qh69ipl9gq5sj247qs7c42g9l2m', '::1', 1556282976, 0x5f5f63695f6c6173745f726567656e65726174657c693a313535363238323937363b757365725f69647c733a323a223439223b757365726e616d657c733a353a2261646d696e223b747970657c733a313a2233223b617574686f72697a6174696f6e5f69647c733a313a2232223b73746166665f69647c733a313a2236223b665f69647c733a313a2232223b636f6d70616e795f6e616d657c733a373a22656e6578746974223b70726f66696c655f696d6167657c733a31333a224a656c6c79666973682e6a7067223b6e616d657c733a363a22616e75726167223b70616e656c5f636f6c6f727c4e3b6175746f5f6c6f676f75747c733a313a2230223b6175746f5f6c6f676f75745f74696d657c733a333a22333630223b6c6f675f69647c693a32323b6d656e755f64617368626f6172647c733a393a2264617368626f617264223b6d656e755f73746166667c733a383a22656d706c6f796565223b6d656e755f6163636f756e747c733a373a226163636f756e74223b6d656e755f7469636b65747c733a363a227469636b6574223b6d656e755f637573746f6d65727c733a383a22637573746f6d6572223b73616c65735f67726170687c693a313b7469636b65745f67726170687c693a303b7061796d656e745f67726170687c693a313b616c657274737c4e3b),
('evonpgscqsknagcfu5u7frj4980tp349', '::1', 1556283296, 0x5f5f63695f6c6173745f726567656e65726174657c693a313535363238333239363b757365725f69647c733a323a223439223b757365726e616d657c733a353a2261646d696e223b747970657c733a313a2233223b617574686f72697a6174696f6e5f69647c733a313a2232223b73746166665f69647c733a313a2236223b665f69647c733a313a2232223b636f6d70616e795f6e616d657c733a373a22656e6578746974223b70726f66696c655f696d6167657c733a31333a224a656c6c79666973682e6a7067223b6e616d657c733a363a22616e75726167223b70616e656c5f636f6c6f727c4e3b6175746f5f6c6f676f75747c733a313a2230223b6175746f5f6c6f676f75745f74696d657c733a333a22333630223b6c6f675f69647c693a32323b6d656e755f64617368626f6172647c733a393a2264617368626f617264223b6d656e755f73746166667c733a383a22656d706c6f796565223b6d656e755f6163636f756e747c733a373a226163636f756e74223b6d656e755f7469636b65747c733a363a227469636b6574223b6d656e755f637573746f6d65727c733a383a22637573746f6d6572223b73616c65735f67726170687c693a313b7469636b65745f67726170687c693a303b7061796d656e745f67726170687c693a313b616c657274737c4e3b),
('dsq3rtmc1sm4tm2oullnblu266o2j7pu', '::1', 1556283628, 0x5f5f63695f6c6173745f726567656e65726174657c693a313535363238333632383b757365725f69647c733a323a223439223b757365726e616d657c733a353a2261646d696e223b747970657c733a313a2233223b617574686f72697a6174696f6e5f69647c733a313a2232223b73746166665f69647c733a313a2236223b665f69647c733a313a2232223b636f6d70616e795f6e616d657c733a373a22656e6578746974223b70726f66696c655f696d6167657c733a31333a224a656c6c79666973682e6a7067223b6e616d657c733a363a22616e75726167223b70616e656c5f636f6c6f727c4e3b6175746f5f6c6f676f75747c733a313a2230223b6175746f5f6c6f676f75745f74696d657c733a333a22333630223b6c6f675f69647c693a32323b6d656e755f64617368626f6172647c733a393a2264617368626f617264223b6d656e755f73746166667c733a383a22656d706c6f796565223b6d656e755f6163636f756e747c733a373a226163636f756e74223b6d656e755f7469636b65747c733a363a227469636b6574223b6d656e755f637573746f6d65727c733a383a22637573746f6d6572223b73616c65735f67726170687c693a313b7469636b65745f67726170687c693a303b7061796d656e745f67726170687c693a313b616c657274737c4e3b),
('3h21kn7bgl9hmfg09ubv8c1k7ek353dt', '::1', 1556283951, 0x5f5f63695f6c6173745f726567656e65726174657c693a313535363238333935313b757365725f69647c733a323a223439223b757365726e616d657c733a353a2261646d696e223b747970657c733a313a2233223b617574686f72697a6174696f6e5f69647c733a313a2232223b73746166665f69647c733a313a2236223b665f69647c733a313a2232223b636f6d70616e795f6e616d657c733a373a22656e6578746974223b70726f66696c655f696d6167657c733a31333a224a656c6c79666973682e6a7067223b6e616d657c733a363a22616e75726167223b70616e656c5f636f6c6f727c4e3b6175746f5f6c6f676f75747c733a313a2230223b6175746f5f6c6f676f75745f74696d657c733a333a22333630223b6c6f675f69647c693a32323b6d656e755f64617368626f6172647c733a393a2264617368626f617264223b6d656e755f73746166667c733a383a22656d706c6f796565223b6d656e755f6163636f756e747c733a373a226163636f756e74223b6d656e755f7469636b65747c733a363a227469636b6574223b6d656e755f637573746f6d65727c733a383a22637573746f6d6572223b73616c65735f67726170687c693a313b7469636b65745f67726170687c693a303b7061796d656e745f67726170687c693a313b616c657274737c4e3b),
('1lrpvfimu5385vv6ld7tf81gmaernb97', '::1', 1556283957, 0x5f5f63695f6c6173745f726567656e65726174657c693a313535363238333935313b757365725f69647c733a323a223439223b757365726e616d657c733a353a2261646d696e223b747970657c733a313a2233223b617574686f72697a6174696f6e5f69647c733a313a2232223b73746166665f69647c733a313a2236223b665f69647c733a313a2232223b636f6d70616e795f6e616d657c733a373a22656e6578746974223b70726f66696c655f696d6167657c733a31333a224a656c6c79666973682e6a7067223b6e616d657c733a363a22616e75726167223b70616e656c5f636f6c6f727c4e3b6175746f5f6c6f676f75747c733a313a2230223b6175746f5f6c6f676f75745f74696d657c733a333a22333630223b6c6f675f69647c693a32323b6d656e755f64617368626f6172647c733a393a2264617368626f617264223b6d656e755f73746166667c733a383a22656d706c6f796565223b6d656e755f6163636f756e747c733a373a226163636f756e74223b6d656e755f7469636b65747c733a363a227469636b6574223b6d656e755f637573746f6d65727c733a383a22637573746f6d6572223b73616c65735f67726170687c693a313b7469636b65745f67726170687c693a303b7061796d656e745f67726170687c693a313b616c657274737c4e3b);

-- --------------------------------------------------------

--
-- Table structure for table `crn`
--

CREATE TABLE `crn` (
  `id` int(10) NOT NULL,
  `name` varchar(20) NOT NULL,
  `email` varchar(30) NOT NULL,
  `mobile` varchar(13) NOT NULL,
  `gender` varchar(10) DEFAULT NULL,
  `address` text,
  `city` varchar(20) DEFAULT NULL,
  `pincode` varchar(7) DEFAULT NULL,
  `f_id` varchar(10) NOT NULL,
  `created_at` datetime NOT NULL
) ENGINE=InnoDB DEFAULT CHARSET=latin1;

--
-- Dumping data for table `crn`
--

INSERT INTO `crn` (`id`, `name`, `email`, `mobile`, `gender`, `address`, `city`, `pincode`, `f_id`, `created_at`) VALUES
(1, 'mohan', 'mohan@gmail.com', '6372132692', 'male', 'supela ghadi chowk', 'durg', '491001', '1', '2019-03-19 16:29:40'),
(2, 'rana singh', 'rana@gmail.com', '8215387527', 'male', 's', 'durg', '491001', '2', '2019-03-20 10:33:40');

-- --------------------------------------------------------

--
-- Table structure for table `customer_balance`
--

CREATE TABLE `customer_balance` (
  `id` int(40) NOT NULL,
  `caf_id` varchar(50) NOT NULL,
  `balance` varchar(50) NOT NULL DEFAULT '0'
) ENGINE=InnoDB DEFAULT CHARSET=latin1;

-- --------------------------------------------------------

--
-- Table structure for table `daily_report`
--

CREATE TABLE `daily_report` (
  `id` int(5) NOT NULL,
  `staff_id` varchar(5) DEFAULT NULL,
  `f_id` varchar(5) DEFAULT NULL,
  `task` text,
  `task_completed` varchar(5) DEFAULT NULL,
  `complete_percent` varchar(4) DEFAULT NULL,
  `work_did` text,
  `created_at` date NOT NULL
) ENGINE=InnoDB DEFAULT CHARSET=latin1;

--
-- Dumping data for table `daily_report`
--

INSERT INTO `daily_report` (`id`, `staff_id`, `f_id`, `task`, `task_completed`, `complete_percent`, `work_did`, `created_at`) VALUES
(1, '6', '2', 'xzc', '1', '', 'dfsd', '2019-04-24'),
(2, '6', '2', 'fg', '1', '', 'fdgfdg', '2019-04-24'),
(3, '6', '2', 'make ip model.', '1', '', 'create ip controller.', '2019-04-24'),
(4, '6', '2', 'weqeq', '1', '100', 'sdfsdf', '2019-04-25'),
(5, '6', '2', 'weqeq', '1', '100', 'sdfsdf', '2019-04-25');

-- --------------------------------------------------------

--
-- Table structure for table `email_configuration`
--

CREATE TABLE `email_configuration` (
  `id` int(11) NOT NULL,
  `protocol` varchar(30) DEFAULT NULL,
  `smtp_host` varchar(30) DEFAULT NULL,
  `smtp_port` varchar(30) DEFAULT NULL,
  `smtp_user` varchar(30) DEFAULT NULL,
  `smtp_password` varchar(30) DEFAULT NULL,
  `f_id` varchar(20) NOT NULL
) ENGINE=InnoDB DEFAULT CHARSET=latin1;

--
-- Dumping data for table `email_configuration`
--

INSERT INTO `email_configuration` (`id`, `protocol`, `smtp_host`, `smtp_port`, `smtp_user`, `smtp_password`, `f_id`) VALUES
(1, 'smtp', 'mail.9yug.net', '25', 'test@9yug.net', 'test5432@1', '0'),
(27, NULL, NULL, NULL, NULL, NULL, '4'),
(28, NULL, NULL, NULL, NULL, NULL, '1'),
(29, NULL, NULL, NULL, NULL, NULL, '2');

-- --------------------------------------------------------

--
-- Table structure for table `frenchise`
--

CREATE TABLE `frenchise` (
  `id` int(30) NOT NULL,
  `name` varchar(30) NOT NULL,
  `mobile` varchar(30) DEFAULT NULL,
  `email` varchar(30) DEFAULT NULL,
  `address` text NOT NULL,
  `frenchise_type` varchar(20) NOT NULL,
  `revenue_percent` varchar(20) NOT NULL,
  `parent_f_id` varchar(40) NOT NULL,
  `crn_number` varchar(30) DEFAULT NULL,
  `logo` varchar(255) DEFAULT NULL,
  `profile_pic` varchar(255) DEFAULT NULL,
  `short_name` varchar(8) DEFAULT NULL,
  `created_at` datetime NOT NULL
) ENGINE=InnoDB DEFAULT CHARSET=latin1;

--
-- Dumping data for table `frenchise`
--

INSERT INTO `frenchise` (`id`, `name`, `mobile`, `email`, `address`, `frenchise_type`, `revenue_percent`, `parent_f_id`, `crn_number`, `logo`, `profile_pic`, `short_name`, `created_at`) VALUES
(1, '9yug.net', '4234234234', '9yug@bing.com', 'charoda bhilai', '1', '', '', NULL, 'a.PNG', NULL, '9yug', '0000-00-00 00:00:00'),
(2, '9yug', '1313133131', '9yug@gmail.com', 'charoda,near kali mandir bhilai ,491002', '1', '', '1', '1', 'Capture2.PNG', NULL, '9yug', '2019-01-04 15:01:14'),
(3, 'nayak enterprices776', '3422222222', 'rahul@gmail.com', 'fsdf', '1', '', '2', '16', NULL, NULL, NULL, '2019-01-15 17:15:17');

-- --------------------------------------------------------

--
-- Table structure for table `invoices`
--

CREATE TABLE `invoices` (
  `id` int(10) NOT NULL,
  `invoice_id` int(40) NOT NULL,
  `name` varchar(40) NOT NULL,
  `mobile` varchar(20) NOT NULL,
  `email` varchar(30) NOT NULL,
  `customer_id` varchar(20) NOT NULL,
  `c_city` varchar(40) DEFAULT NULL,
  `c_pincode` varchar(10) DEFAULT NULL,
  `order_id` varchar(40) DEFAULT NULL,
  `f_id` varchar(40) NOT NULL,
  `company_name` varchar(50) NOT NULL,
  `f_mobile` varchar(30) NOT NULL,
  `f_email` varchar(30) NOT NULL,
  `f_logo` varchar(255) DEFAULT NULL,
  `f_city` varchar(40) DEFAULT NULL,
  `f_pincode` int(8) DEFAULT NULL,
  `address` text NOT NULL,
  `amount` varchar(60) NOT NULL,
  `total` varchar(40) NOT NULL,
  `paid` varchar(40) DEFAULT NULL,
  `status` enum('pending','paid','partially') NOT NULL DEFAULT 'pending',
  `f_address` text NOT NULL,
  `tax` varchar(200) DEFAULT NULL,
  `created_at` datetime NOT NULL
) ENGINE=InnoDB DEFAULT CHARSET=latin1;

--
-- Dumping data for table `invoices`
--

INSERT INTO `invoices` (`id`, `invoice_id`, `name`, `mobile`, `email`, `customer_id`, `c_city`, `c_pincode`, `order_id`, `f_id`, `company_name`, `f_mobile`, `f_email`, `f_logo`, `f_city`, `f_pincode`, `address`, `amount`, `total`, `paid`, `status`, `f_address`, `tax`, `created_at`) VALUES
(1, 1, 'mohan', '6372132692', 'mohan@gmail.com', '1', 'durg', '491001', '1', '1', '9yug', '7828161459', 'vivek@gmail.com', 'logo-2.png', 'durg', 491001, 'supela ghadi chowk', '500', '500', '400', 'partially', 'supela ghadi chowk', '[]', '2019-03-19 16:31:17'),
(2, 1, 'rana singh', '8215387527', 'rana@gmail.com', '2', 'durg', '491001', '1', '2', 'enextit', '3131231232', 'anurag@gmail.com', 'logo-2.png', 'durg', 491001, 's', '5000', '5000', '1000', 'partially', 'Near Masan Kali Mandir, Panchsheel nagar west,\r\nG.E Road Charoda Bhilai', '[]', '2019-03-20 10:34:19'),
(3, 2, 'rana singh', '8215387527', 'rana@gmail.com', '2', 'durg', '491001', '2', '2', 'enextit', '3131231232', 'anurag@gmail.com', 'logo-2.png', 'durg', 491001, 's', '5000', '5000', NULL, 'pending', 'Near Masan Kali Mandir, Panchsheel nagar west,\r\nG.E Road Charoda Bhilai', '[]', '2019-03-20 10:35:45'),
(4, 2, 'mohan', '6372132692', 'mohan@gmail.com', '1', 'durg', '491001', '3', '1', '9yug', '7828161459', 'vivek@gmail.com', 'Desert.jpg', 'durg', 491001, 'supela ghadi chowk', '500', '500', '500', 'paid', 'supela ghadi chowk', '[]', '2019-03-20 11:44:24'),
(5, 3, 'rana singh', '8215387527', 'rana@gmail.com', '2', 'durg', '491001', '3', '2', 'enextit', '3131231232', 'anurag@gmail.com', 'logo-2.png', 'durg', 491001, 's', '800', '800', '500', 'partially', 'Near Masan Kali Mandir, Panchsheel nagar west,\r\nG.E Road Charoda Bhilai', '[]', '2019-04-05 14:40:26'),
(6, 4, 'rana singh', '8215387527', 'rana@gmail.com', '2', 'durg', '491001', '4', '2', 'enextit', '3131231232', 'anurag@gmail.com', 'logo-2.png', 'durg', 491001, 's', '1300', '1300', NULL, 'pending', 'Near Masan Kali Mandir, Panchsheel nagar west,\r\nG.E Road Charoda Bhilai', '[]', '2019-04-05 15:10:48'),
(7, 5, 'rana singh', '8215387527', 'rana@gmail.com', '2', 'durg', '491001', '5', '2', 'enextit', '3131231232', 'anurag@gmail.com', 'logo-2.png', 'durg', 491001, 's', '800', '800', '700', 'partially', 'Near Masan Kali Mandir, Panchsheel nagar west,\r\nG.E Road Charoda Bhilai', '[]', '2019-04-24 12:36:00'),
(8, 6, 'rana singh', '8215387527', 'rana@gmail.com', '2', 'durg', '491001', '6', '2', 'enextit', '3131231232', 'anurag@gmail.com', 'logo-2.png', 'durg', 491001, 's', '500', '500', '500', 'paid', 'Near Masan Kali Mandir, Panchsheel nagar west,\r\nG.E Road Charoda Bhilai', '[]', '2019-04-26 13:09:36');

-- --------------------------------------------------------

--
-- Table structure for table `issue_report`
--

CREATE TABLE `issue_report` (
  `id` int(5) NOT NULL,
  `issue` text,
  `solution` text,
  `staff_id` int(4) NOT NULL,
  `f_id` varchar(4) NOT NULL,
  `category` varchar(20) DEFAULT NULL,
  `created_at` datetime NOT NULL
) ENGINE=InnoDB DEFAULT CHARSET=latin1;

--
-- Dumping data for table `issue_report`
--

INSERT INTO `issue_report` (`id`, `issue`, `solution`, `staff_id`, `f_id`, `category`, `created_at`) VALUES
(1, 'gfdg', 'gfdg', 6, '2', 'gfdgfd', '2019-04-24 00:00:00'),
(2, 'gfdg', 'gfdg', 6, '2', 'gfdgfd', '2019-04-24 00:00:00'),
(3, 'how to find ip of my system?', 'in google type whats my ip then you will find.', 6, '2', 'networking', '2019-04-24 00:00:00'),
(4, 'erwe', 'werwe', 6, '2', 'werwer', '2019-04-25 00:00:00');

-- --------------------------------------------------------

--
-- Table structure for table `item_details`
--

CREATE TABLE `item_details` (
  `id` int(10) NOT NULL,
  `item_id` int(10) DEFAULT NULL,
  `model_no` varchar(20) DEFAULT NULL,
  `serial_no` varchar(20) DEFAULT NULL
) ENGINE=InnoDB DEFAULT CHARSET=latin1;

--
-- Dumping data for table `item_details`
--

INSERT INTO `item_details` (`id`, `item_id`, `model_no`, `serial_no`) VALUES
(1, 1, NULL, NULL),
(2, 1, NULL, NULL),
(3, 1, NULL, NULL),
(4, 1, NULL, NULL),
(5, 1, NULL, NULL),
(6, 1, NULL, NULL),
(7, 1, NULL, NULL),
(8, 1, NULL, NULL),
(9, 1, NULL, NULL),
(10, 1, NULL, NULL),
(11, 2, NULL, NULL),
(12, 2, NULL, NULL),
(13, 2, NULL, NULL),
(14, 2, NULL, NULL),
(15, 2, NULL, NULL),
(16, 2, NULL, NULL),
(17, 2, NULL, NULL),
(18, 2, NULL, NULL),
(19, 2, NULL, NULL),
(20, 2, NULL, NULL),
(21, 3, NULL, NULL),
(22, 3, NULL, NULL),
(23, 3, NULL, NULL),
(24, 3, NULL, NULL),
(25, 3, NULL, NULL),
(26, 3, NULL, NULL),
(27, 3, NULL, NULL),
(28, 3, NULL, NULL),
(29, 3, NULL, NULL),
(30, 3, NULL, NULL),
(31, 3, NULL, NULL),
(32, 3, NULL, NULL),
(33, 3, NULL, NULL),
(34, 3, NULL, NULL),
(35, 3, NULL, NULL),
(36, 3, NULL, NULL),
(37, 3, NULL, NULL),
(38, 3, NULL, NULL),
(39, 3, NULL, NULL),
(40, 3, NULL, NULL);

-- --------------------------------------------------------

--
-- Table structure for table `item_list`
--

CREATE TABLE `item_list` (
  `id` int(10) NOT NULL,
  `item_name` varchar(100) NOT NULL,
  `description` varchar(255) DEFAULT NULL,
  `category` varchar(17) NOT NULL,
  `created_at` datetime NOT NULL,
  `created_by` int(4) NOT NULL,
  `snp` varchar(15) DEFAULT NULL,
  `f_id` int(10) DEFAULT NULL
) ENGINE=InnoDB DEFAULT CHARSET=latin1;

--
-- Dumping data for table `item_list`
--

INSERT INTO `item_list` (`id`, `item_name`, `description`, `category`, `created_at`, `created_by`, `snp`, `f_id`) VALUES
(1, '32 mp camera', '32 mp camera with night mode', '1', '2019-03-19 16:22:38', 5, '1', 1),
(2, '3 antena router', '100 m range', '1', '2019-03-20 10:30:03', 6, '3', 2);

-- --------------------------------------------------------

--
-- Table structure for table `item_report`
--

CREATE TABLE `item_report` (
  `id` int(10) NOT NULL,
  `item_purchase_id` int(10) NOT NULL,
  `item_id` int(10) NOT NULL,
  `purchase_price` varchar(8) NOT NULL,
  `selling_price` varchar(8) NOT NULL,
  `qty` int(4) DEFAULT NULL,
  `f_id` varchar(5) NOT NULL,
  `created_at` datetime NOT NULL
) ENGINE=InnoDB DEFAULT CHARSET=latin1;

-- --------------------------------------------------------

--
-- Table structure for table `leave_category`
--

CREATE TABLE `leave_category` (
  `id` int(5) NOT NULL,
  `category_name` varchar(20) NOT NULL,
  `f_id` varchar(5) DEFAULT NULL
) ENGINE=InnoDB DEFAULT CHARSET=latin1;

--
-- Dumping data for table `leave_category`
--

INSERT INTO `leave_category` (`id`, `category_name`, `f_id`) VALUES
(1, 'sick ', '2'),
(2, 'causal', '2'),
(3, 'h', '2'),
(4, 'tour', '2');

-- --------------------------------------------------------

--
-- Table structure for table `leave_request`
--

CREATE TABLE `leave_request` (
  `id` int(5) NOT NULL,
  `category_id` int(4) DEFAULT NULL,
  `start_date` varchar(30) DEFAULT NULL,
  `end_date` varchar(30) DEFAULT NULL,
  `status` int(2) DEFAULT '0',
  `reason` text,
  `created_at` datetime NOT NULL,
  `f_id` varchar(5) NOT NULL,
  `staff_id` int(5) DEFAULT NULL
) ENGINE=InnoDB DEFAULT CHARSET=latin1;

--
-- Dumping data for table `leave_request`
--

INSERT INTO `leave_request` (`id`, `category_id`, `start_date`, `end_date`, `status`, `reason`, `created_at`, `f_id`, `staff_id`) VALUES
(2, 2, '12-03-2019', '15-03-2019', 0, 'for going to home', '2019-04-24 18:15:46', '2', 6),
(3, 2, '18-12-2019', '22-12-2019', 0, 'out of station', '2019-04-25 16:37:01', '2', 6),
(4, 1, '16-04-2019', '24-04-2019', 0, 'due to fever i need leave', '2019-04-26 12:36:14', '2', 6),
(5, 2, '10-04-2019', '10-04-2019', 0, 'urgent work', '2019-04-26 12:51:26', '2', 6);

-- --------------------------------------------------------

--
-- Table structure for table `log`
--

CREATE TABLE `log` (
  `id` int(60) NOT NULL,
  `crn_number` varchar(20) NOT NULL,
  `f_id` varchar(20) NOT NULL,
  `activity` varchar(255) NOT NULL,
  `staff_id` int(30) NOT NULL,
  `date` datetime NOT NULL DEFAULT CURRENT_TIMESTAMP
) ENGINE=InnoDB DEFAULT CHARSET=latin1;

--
-- Dumping data for table `log`
--

INSERT INTO `log` (`id`, `crn_number`, `f_id`, `activity`, `staff_id`, `date`) VALUES
(0, '1', '1', 'crn number = 1  generated  ', 5, '2019-03-19 16:29:40'),
(0, '2', '2', 'crn number = 2  generated  ', 6, '2019-03-20 10:33:40');

-- --------------------------------------------------------

--
-- Table structure for table `log_login`
--

CREATE TABLE `log_login` (
  `id` int(10) NOT NULL,
  `username` varchar(30) NOT NULL,
  `ip_address` varchar(200) NOT NULL,
  `status` varchar(30) NOT NULL,
  `f_id` varchar(12) DEFAULT NULL,
  `date` datetime NOT NULL DEFAULT CURRENT_TIMESTAMP,
  `logout_time` datetime DEFAULT NULL
) ENGINE=InnoDB DEFAULT CHARSET=latin1;

--
-- Dumping data for table `log_login`
--

INSERT INTO `log_login` (`id`, `username`, `ip_address`, `status`, `f_id`, `date`, `logout_time`) VALUES
(1, '1_1552991878', '::1', '1', '1', '2019-03-19 16:18:31', '2019-03-19 18:09:38'),
(2, 'super', '::1', '1', '0', '2019-03-19 18:09:48', NULL),
(3, '2_1552999317', '::1', '1', '2', '2019-03-19 18:13:11', '2019-03-19 18:24:05'),
(4, '1_1552991878', '::1', '1', '1', '2019-03-19 18:24:50', NULL),
(5, '2_1552999317', '::1', '1', '2', '2019-03-20 10:27:52', NULL),
(6, '1_1552991878', '::1', '1', '1', '2019-03-20 11:41:00', NULL),
(7, '1_521', '::1', '1', '1', '2019-03-22 10:43:33', '2019-03-22 12:35:56'),
(8, '1_1552991878', '::1', '1', '1', '2019-03-25 10:37:12', '2019-03-25 10:37:26'),
(9, 'admin', '::1', '0', '', '2019-04-01 12:23:07', NULL),
(10, 'admin', '::1', '0', '', '2019-04-05 13:11:28', NULL),
(11, 'vivek', '::1', '0', '', '2019-04-05 13:11:33', NULL),
(12, '1_1552991878', '::1', '0', '', '2019-04-05 13:12:30', NULL),
(13, '1_1552991878', '::1', '1', '1', '2019-04-05 13:13:01', '2019-04-05 13:16:22'),
(14, '2_1552999317', '::1', '0', '', '2019-04-05 14:38:13', NULL),
(15, '2_1552999317', '::1', '0', '', '2019-04-05 14:39:38', NULL),
(16, 'admin', '::1', '1', '2', '2019-04-05 14:39:46', '2019-04-05 15:12:21'),
(17, 'admin', '::1', '1', '2', '2019-04-23 15:24:52', NULL),
(18, 'admin', '::1', '1', '2', '2019-04-24 10:34:05', NULL),
(19, 'admin', '::1', '1', '2', '2019-04-24 11:33:44', '2019-04-24 11:34:10'),
(20, 'admin', '::1', '1', '2', '2019-04-24 12:34:15', NULL),
(21, 'admin', '::1', '1', '2', '2019-04-25 10:32:50', NULL),
(22, 'admin', '::1', '1', '2', '2019-04-26 10:30:32', NULL);

-- --------------------------------------------------------

--
-- Table structure for table `log_outgoing_email`
--

CREATE TABLE `log_outgoing_email` (
  `id` int(40) NOT NULL,
  `subject` varchar(40) NOT NULL,
  `body` varchar(50) NOT NULL,
  `email` varchar(50) NOT NULL,
  `sender_id` varchar(50) NOT NULL,
  `f_id` varchar(40) NOT NULL,
  `date` timestamp NOT NULL DEFAULT CURRENT_TIMESTAMP
) ENGINE=InnoDB DEFAULT CHARSET=latin1;

-- --------------------------------------------------------

--
-- Table structure for table `log_outgoing_sms`
--

CREATE TABLE `log_outgoing_sms` (
  `id` int(10) NOT NULL,
  `f_id` int(30) NOT NULL,
  `mobile` varchar(15) NOT NULL,
  `message` text NOT NULL,
  `sender` varchar(100) NOT NULL,
  `created_at` datetime NOT NULL DEFAULT CURRENT_TIMESTAMP
) ENGINE=InnoDB DEFAULT CHARSET=latin1;

--
-- Dumping data for table `log_outgoing_sms`
--

INSERT INTO `log_outgoing_sms` (`id`, `f_id`, `mobile`, `message`, `sender`, `created_at`) VALUES
(1, 0, '7828161459', '', 'navyug', '2019-03-19 16:07:58'),
(2, 0, '3131231232', '', 'navyug', '2019-03-19 18:11:58');

-- --------------------------------------------------------

--
-- Table structure for table `log_ticket`
--

CREATE TABLE `log_ticket` (
  `id` int(8) NOT NULL,
  `ticket_id` varchar(100) NOT NULL,
  `email` varchar(40) NOT NULL,
  `mobile` varchar(20) NOT NULL,
  `lead` varchar(20) NOT NULL,
  `assign` varchar(30) NOT NULL,
  `type` varchar(20) NOT NULL,
  `comment` varchar(100) NOT NULL,
  `reply` varchar(70) DEFAULT NULL,
  `created_by` varchar(10) NOT NULL,
  `description` text,
  `f_id` varchar(10) NOT NULL,
  `status` enum('open','close','request to close') NOT NULL DEFAULT 'open',
  `created_at` datetime NOT NULL
) ENGINE=InnoDB DEFAULT CHARSET=latin1;

--
-- Dumping data for table `log_ticket`
--

INSERT INTO `log_ticket` (`id`, `ticket_id`, `email`, `mobile`, `lead`, `assign`, `type`, `comment`, `reply`, `created_by`, `description`, `f_id`, `status`, `created_at`) VALUES
(1, '1', 'mohan@gmail.com', '6372132692', 'camera', '', '', '', 'Ticket is generated of ticket id - 1', '5', 'need 12 mp camera', '1', 'open', '2019-03-19 16:35:21'),
(2, '1', '', '6372132692', '', '', '', 'need 12 mp camera', '', '5', NULL, '1', 'open', '2019-03-19 16:54:58'),
(3, '1', '', '6372132692', '', '', '', 'need 12 mp camera', 'yes we will call you ', '5', NULL, '1', 'close', '2019-03-19 17:05:17'),
(4, '2', 'mohan@gmail.com', '6372132692', 'internet', '1', '', '', 'Ticket is generated of ticket id - 2', '5', 'new connection', '1', 'open', '2019-03-20 12:52:11'),
(5, '3', 'mohan@gmail.com', '6372132692', 'internet', '', '', '', 'Ticket is generated of ticket id - 3', '5', 'speed issue', '1', 'open', '2019-03-20 13:35:11'),
(6, '3', '', '6372132692', '', '', '', 'speed issue', 'rahul plz check speed', '5', NULL, '1', 'request to close', '2019-03-20 14:38:12'),
(7, '4', 'mohan@gmail.com', '6372132692', 'camera', '', '', '', 'Ticket is generated of ticket id - 4', '5', 'router signal problem', '1', 'open', '2019-03-20 14:51:25'),
(8, '1', 'rana@gmail.com', '8215387527', 'camera', '1', '', '', 'Ticket is generated of ticket id - 1', '6', 'problem on router', '2', 'open', '2019-04-05 14:43:56'),
(9, '2', 'rana@gmail.com', '8215387527', 'camera', '1', '', '', 'Ticket is generated of ticket id - 2', '6', 'new order', '2', 'open', '2019-04-25 16:43:33');

-- --------------------------------------------------------

--
-- Table structure for table `map_group_member`
--

CREATE TABLE `map_group_member` (
  `id` int(5) NOT NULL,
  `group_id` varchar(100) DEFAULT NULL,
  `member_id` int(100) DEFAULT NULL,
  `parent_id` varchar(30) NOT NULL DEFAULT '0'
) ENGINE=InnoDB DEFAULT CHARSET=latin1;

--
-- Dumping data for table `map_group_member`
--

INSERT INTO `map_group_member` (`id`, `group_id`, `member_id`, `parent_id`) VALUES
(1, '1', 2, '2');

-- --------------------------------------------------------

--
-- Table structure for table `map_plan_frenchise`
--

CREATE TABLE `map_plan_frenchise` (
  `frenchise_id` varchar(30) DEFAULT NULL,
  `plan_id` int(30) DEFAULT NULL
) ENGINE=InnoDB DEFAULT CHARSET=latin1;

-- --------------------------------------------------------

--
-- Table structure for table `master_attend_type`
--

CREATE TABLE `master_attend_type` (
  `id` int(40) NOT NULL,
  `name` varchar(30) NOT NULL
) ENGINE=InnoDB DEFAULT CHARSET=latin1;

--
-- Dumping data for table `master_attend_type`
--

INSERT INTO `master_attend_type` (`id`, `name`) VALUES
(1, 'walkin'),
(2, 'call'),
(3, 'sms'),
(4, 'website'),
(1, 'walkin'),
(2, 'call'),
(3, 'sms'),
(4, 'website');

-- --------------------------------------------------------

--
-- Table structure for table `master_authorization`
--

CREATE TABLE `master_authorization` (
  `id` int(20) NOT NULL,
  `role` varchar(100) NOT NULL
) ENGINE=InnoDB DEFAULT CHARSET=latin1;

--
-- Dumping data for table `master_authorization`
--

INSERT INTO `master_authorization` (`id`, `role`) VALUES
(0, 'super admin'),
(1, 'admin'),
(2, 'staff'),
(3, 'customer');

-- --------------------------------------------------------

--
-- Table structure for table `master_id_proof`
--

CREATE TABLE `master_id_proof` (
  `id` int(20) NOT NULL,
  `name` varchar(100) NOT NULL,
  `f_id` varchar(30) NOT NULL
) ENGINE=InnoDB DEFAULT CHARSET=latin1;

-- --------------------------------------------------------

--
-- Table structure for table `master_invoice`
--

CREATE TABLE `master_invoice` (
  `id` int(8) NOT NULL,
  `invoice_id` int(15) NOT NULL,
  `particular` varchar(100) NOT NULL,
  `quantity` int(8) DEFAULT NULL,
  `unit` varchar(20) DEFAULT NULL,
  `price` int(10) NOT NULL,
  `f_id` varchar(3) DEFAULT NULL
) ENGINE=InnoDB DEFAULT CHARSET=latin1;

--
-- Dumping data for table `master_invoice`
--

INSERT INTO `master_invoice` (`id`, `invoice_id`, `particular`, `quantity`, `unit`, `price`, `f_id`) VALUES
(1, 1, '32 mp camera', 1, 'pieces', 500, '1'),
(2, 1, '3 antena router', 5, 'pieces', 5000, '2'),
(3, 2, '3 antena router', 5, 'pieces', 5000, '2'),
(4, 2, '32 mp camera', 1, 'pieces', 500, '1'),
(5, 3, '3 antena router', 1, 'pieces', 800, '2'),
(6, 4, '3 antena router', 1, 'pieces', 800, '2'),
(7, 4, 'installment of router', 1, 'once', 500, '2'),
(8, 5, '3 antena router', 1, 'pieces', 800, '2'),
(9, 6, 'installment of router', 1, 'once', 500, '2');

-- --------------------------------------------------------

--
-- Table structure for table `master_payment_type`
--

CREATE TABLE `master_payment_type` (
  `id` int(10) NOT NULL,
  `name` varchar(40) NOT NULL,
  `f_id` varchar(30) NOT NULL
) ENGINE=InnoDB DEFAULT CHARSET=latin1;

--
-- Dumping data for table `master_payment_type`
--

INSERT INTO `master_payment_type` (`id`, `name`, `f_id`) VALUES
(1, 'cash', '1'),
(2, 'card swipe', '1'),
(3, 'online', ''),
(4, 'cheque', '1');

-- --------------------------------------------------------

--
-- Table structure for table `payment_details`
--

CREATE TABLE `payment_details` (
  `id` int(10) NOT NULL,
  `payment_id` int(20) DEFAULT NULL,
  `order_reference` varchar(20) NOT NULL,
  `invoice_id` varchar(20) NOT NULL,
  `amount` varchar(10) NOT NULL,
  `staff_id` varchar(8) NOT NULL,
  `customer_id` varchar(8) DEFAULT NULL,
  `payment_date` datetime NOT NULL,
  `payment_method` varchar(20) NOT NULL,
  `f_id` varchar(10) NOT NULL
) ENGINE=InnoDB DEFAULT CHARSET=latin1;

--
-- Dumping data for table `payment_details`
--

INSERT INTO `payment_details` (`id`, `payment_id`, `order_reference`, `invoice_id`, `amount`, `staff_id`, `customer_id`, `payment_date`, `payment_method`, `f_id`) VALUES
(1, 1, '1', '1', '400', '5', '1', '2019-03-19 16:31:17', 'cash', '1'),
(2, 1, '1', '1', '1000', '6', '2', '2019-03-20 10:34:19', 'cash', '2'),
(3, 2, '3', '2', '500', '5', '1', '2019-03-20 11:44:24', 'cash', '1'),
(4, 2, '3', '3', '500', '6', '2', '2019-04-05 14:40:26', 'cash', '2'),
(5, 3, '5', '5', '700', '6', '2', '2019-04-24 12:36:00', 'swipe', '2'),
(6, 4, '6', '6', '500', '6', '2', '2019-04-26 13:09:36', 'cheque', '2');

-- --------------------------------------------------------

--
-- Table structure for table `purchase_item`
--

CREATE TABLE `purchase_item` (
  `id` int(10) NOT NULL,
  `item_id` int(5) DEFAULT NULL,
  `description` varchar(255) DEFAULT NULL,
  `selling_price` varchar(10) NOT NULL,
  `purchase_price` varchar(10) DEFAULT NULL,
  `total_purchase_price` varchar(7) DEFAULT NULL,
  `model_no` varchar(20) DEFAULT NULL,
  `serial_no` varchar(20) DEFAULT NULL,
  `item_company` varchar(30) DEFAULT NULL,
  `unit` varchar(30) DEFAULT NULL,
  `quantity` varchar(20) DEFAULT NULL,
  `quantity_out` int(10) DEFAULT '0',
  `quantity_for_sale` int(10) DEFAULT NULL,
  `f_id` varchar(8) NOT NULL,
  `vendor_id` varchar(7) DEFAULT NULL,
  `vendor_invoice_no` varchar(13) DEFAULT NULL,
  `created_at` datetime NOT NULL,
  `created_by` int(5) NOT NULL,
  `status` varchar(3) NOT NULL DEFAULT '1'
) ENGINE=InnoDB DEFAULT CHARSET=latin1;

--
-- Dumping data for table `purchase_item`
--

INSERT INTO `purchase_item` (`id`, `item_id`, `description`, `selling_price`, `purchase_price`, `total_purchase_price`, `model_no`, `serial_no`, `item_company`, `unit`, `quantity`, `quantity_out`, `quantity_for_sale`, `f_id`, `vendor_id`, `vendor_invoice_no`, `created_at`, `created_by`, `status`) VALUES
(1, 1, NULL, '500', '200', '2000', NULL, NULL, 'videocon', 'pieces', '10', 2, 7, '1', '1', '1', '2019-03-19 16:26:05', 5, '1'),
(2, 2, NULL, '1000', '800', '8000', NULL, NULL, 'dlink', 'pieces', '10', 10, 0, '2', '2', '12', '2019-03-20 10:31:42', 6, '1'),
(3, 2, NULL, '800', '600', '400', NULL, NULL, 'cisko', 'pieces', '20', 3, 17, '2', '2', '123', '2019-03-20 11:19:08', 6, '1');

-- --------------------------------------------------------

--
-- Table structure for table `quotation`
--

CREATE TABLE `quotation` (
  `id` int(10) NOT NULL,
  `f_id` varchar(3) NOT NULL,
  `c_name` varchar(19) NOT NULL,
  `c_email` varchar(30) DEFAULT NULL,
  `c_mobile` varchar(13) DEFAULT NULL,
  `f_company_name` varchar(30) NOT NULL,
  `f_email` varchar(30) NOT NULL,
  `f_mobile` varchar(13) NOT NULL,
  `f_address` text NOT NULL,
  `f_company_logo` varchar(255) DEFAULT NULL,
  `f_city` varchar(30) NOT NULL,
  `f_pincode` varchar(6) NOT NULL,
  `tax` varchar(8) NOT NULL,
  `tax_percent` int(4) NOT NULL,
  `subtotal` varchar(8) NOT NULL,
  `grand_total` varchar(8) NOT NULL,
  `staff_id` int(3) NOT NULL,
  `terms` text,
  `created_at` datetime NOT NULL
) ENGINE=InnoDB DEFAULT CHARSET=latin1;

--
-- Dumping data for table `quotation`
--

INSERT INTO `quotation` (`id`, `f_id`, `c_name`, `c_email`, `c_mobile`, `f_company_name`, `f_email`, `f_mobile`, `f_address`, `f_company_logo`, `f_city`, `f_pincode`, `tax`, `tax_percent`, `subtotal`, `grand_total`, `staff_id`, `terms`, `created_at`) VALUES
(1, '1', 'viraj', 'viraj@gmail.com', '2323213213', '9yug', 'vivek@gmail.com', '7828161459', 'supela ghadi chowk', NULL, 'durg', '491001', '0.00', 0, '1000.00', '1000.00', 5, 'return in 30 days', '2019-03-19 17:10:13'),
(2, '2', 'rana singh', 'rana@gmail.com', '2874583473', 'enextit', 'anurag@gmail.com', '3131231232', 'Near Masan Kali Mandir, Panchsheel nagar west,\r\nG.E Road Charoda Bhilai', NULL, 'durg', '491001', '0.00', 0, '400.00', '400.00', 6, '30 days warranty', '2019-03-20 10:38:09');

-- --------------------------------------------------------

--
-- Table structure for table `quotation_details`
--

CREATE TABLE `quotation_details` (
  `id` int(10) NOT NULL,
  `item_name` varchar(50) NOT NULL,
  `qty` int(6) DEFAULT NULL,
  `unit_price` varchar(10) NOT NULL,
  `total_price` int(10) DEFAULT NULL,
  `quo_id` int(5) NOT NULL,
  `f_id` int(3) NOT NULL
) ENGINE=InnoDB DEFAULT CHARSET=latin1;

--
-- Dumping data for table `quotation_details`
--

INSERT INTO `quotation_details` (`id`, `item_name`, `qty`, `unit_price`, `total_price`, `quo_id`, `f_id`) VALUES
(1, 'cctv', 3, '300', 900, 1, 1),
(2, 'camera installment', 1, '100', 100, 1, 1),
(3, 'cctv camera', 4, '100', 400, 2, 2);

-- --------------------------------------------------------

--
-- Table structure for table `sales`
--

CREATE TABLE `sales` (
  `id` int(10) NOT NULL,
  `customer_name` varchar(90) NOT NULL,
  `customer_id` varchar(8) DEFAULT NULL,
  `email` varchar(15) DEFAULT NULL,
  `mobile` varchar(13) NOT NULL,
  `order_id` int(10) DEFAULT NULL,
  `f_id` varchar(10) DEFAULT NULL,
  `total` varchar(10) DEFAULT NULL,
  `created_by` varchar(10) NOT NULL,
  `created_at` datetime NOT NULL
) ENGINE=InnoDB DEFAULT CHARSET=latin1;

--
-- Dumping data for table `sales`
--

INSERT INTO `sales` (`id`, `customer_name`, `customer_id`, `email`, `mobile`, `order_id`, `f_id`, `total`, `created_by`, `created_at`) VALUES
(1, 'mohan', '1', 'mohan@gmail.com', '6372132692', 1, '1', '500', '5', '2019-03-19 16:31:17'),
(2, 'rana singh', '2', 'rana@gmail.com', '8215387527', 1, '2', '5000', '6', '2019-03-20 10:34:19'),
(3, 'rana singh', '2', 'rana@gmail.com', '8215387527', 2, '2', '5000', '6', '2019-03-20 10:35:45'),
(5, 'mohan', '1', 'mohan@gmail.com', '6372132692', 3, '1', '500', '5', '2019-03-20 11:44:24'),
(6, 'rana singh', '2', 'rana@gmail.com', '8215387527', 3, '2', '800', '6', '2019-04-05 14:40:26'),
(7, 'rana singh', '2', 'rana@gmail.com', '8215387527', 4, '2', '1300', '6', '2019-04-05 15:10:48'),
(8, 'rana singh', '2', 'rana@gmail.com', '8215387527', 5, '2', '800', '6', '2019-04-24 12:36:00'),
(9, 'rana singh', '2', 'rana@gmail.com', '8215387527', 6, '2', '500', '6', '2019-04-26 13:09:35');

-- --------------------------------------------------------

--
-- Table structure for table `sales_details`
--

CREATE TABLE `sales_details` (
  `id` int(10) NOT NULL,
  `order_no` int(20) NOT NULL,
  `f_id` varchar(9) NOT NULL,
  `particular` varchar(100) NOT NULL,
  `price` varchar(10) NOT NULL,
  `quantity` int(10) DEFAULT NULL,
  `discount_percent` varchar(5) DEFAULT NULL,
  `purchase_price` varchar(20) DEFAULT NULL,
  `type` int(2) NOT NULL COMMENT '1 for product,2 for service',
  `created_at` datetime DEFAULT NULL
) ENGINE=InnoDB DEFAULT CHARSET=latin1;

--
-- Dumping data for table `sales_details`
--

INSERT INTO `sales_details` (`id`, `order_no`, `f_id`, `particular`, `price`, `quantity`, `discount_percent`, `purchase_price`, `type`, `created_at`) VALUES
(1, 1, '1', '1', '500', 1, '', '200', 1, '2019-03-19 16:31:17'),
(2, 1, '2', '2', '5000', 5, '', '800', 1, '2019-03-20 10:34:19'),
(3, 2, '2', '2', '5000', 5, '', '800', 1, '2019-03-20 10:35:45'),
(5, 3, '1', '1', '500', 1, '', '200', 1, '2019-03-20 11:44:24'),
(6, 3, '2', '3', '800', 1, '', '600', 1, '2019-04-05 14:40:26'),
(7, 4, '2', '3', '800', 1, '', '600', 1, '2019-04-05 15:10:48'),
(8, 4, '2', '1', '500', 1, '', '500', 2, '2019-04-05 15:10:48'),
(9, 5, '2', '3', '800', 1, '', '600', 1, '2019-04-24 12:36:00'),
(10, 6, '2', '1', '500', 1, '', '500', 2, '2019-04-26 13:09:35');

-- --------------------------------------------------------

--
-- Table structure for table `seller`
--

CREATE TABLE `seller` (
  `id` int(10) NOT NULL,
  `name` varchar(35) NOT NULL,
  `email` varchar(40) NOT NULL,
  `mobile` varchar(13) NOT NULL,
  `address` text NOT NULL,
  `city` varchar(30) NOT NULL,
  `pincode` int(10) DEFAULT NULL,
  `type` int(4) NOT NULL,
  `created_at` datetime NOT NULL
) ENGINE=InnoDB DEFAULT CHARSET=latin1;

--
-- Dumping data for table `seller`
--

INSERT INTO `seller` (`id`, `name`, `email`, `mobile`, `address`, `city`, `pincode`, `type`, `created_at`) VALUES
(1, 'vivek chourasiya', 'vivek@gmail.com', '7828161459', 'supela ghadi chowk', 'durg', 491001, 2, '2019-03-19 16:07:57'),
(2, 'anurag', 'anurag@gmail.com', '3131231232', 'Near Masan Kali Mandir, Panchsheel nagar west,\r\nG.E Road Charoda Bhilai', 'durg', 491001, 3, '2019-03-19 18:11:57');

-- --------------------------------------------------------

--
-- Table structure for table `seller_setting`
--

CREATE TABLE `seller_setting` (
  `id` int(20) NOT NULL,
  `f_id` varchar(10) NOT NULL,
  `company_name` varchar(50) DEFAULT NULL,
  `gst_number` varchar(20) DEFAULT NULL,
  `customer_care` varchar(15) DEFAULT NULL,
  `invoice_template` varchar(5) DEFAULT '0' COMMENT '0 is default',
  `dashboard_template` varchar(5) DEFAULT '0' COMMENT '0 is default for all',
  `reciept_template` int(5) DEFAULT NULL COMMENT '0 is default for all',
  `logo` varchar(30) DEFAULT NULL,
  `tax` varchar(200) DEFAULT NULL,
  `panel_color` varchar(40) DEFAULT NULL,
  `terms` text,
  `menu` text,
  `dashboard_setting` varchar(255) DEFAULT '',
  `invoice_due_day` int(3) NOT NULL DEFAULT '10',
  `auto_logout` int(11) DEFAULT '0',
  `auto_logout_time` int(11) DEFAULT '360' COMMENT 'in seconds'
) ENGINE=InnoDB DEFAULT CHARSET=latin1;

--
-- Dumping data for table `seller_setting`
--

INSERT INTO `seller_setting` (`id`, `f_id`, `company_name`, `gst_number`, `customer_care`, `invoice_template`, `dashboard_template`, `reciept_template`, `logo`, `tax`, `panel_color`, `terms`, `menu`, `dashboard_setting`, `invoice_due_day`, `auto_logout`, `auto_logout_time`) VALUES
(1, '1', '9yug', NULL, NULL, '0', '0', NULL, 'Desert.jpg', '[]', NULL, NULL, '{\"dashboard\":\"dashboard\",\"staff\":\"employee\",\"ticket\":\"ticket\",\"account\":\"account\",\"customer\":\"customer\"}', '', 10, 0, 360),
(2, '2', 'enextit', NULL, NULL, '0', '0', NULL, 'logo-2.png', '[]', NULL, NULL, '{\"dashboard\":\"dashboard\",\"staff\":\"employee\",\"ticket\":\"ticket\",\"account\":\"account\",\"customer\":\"customer\"}', '', 10, 0, 360);

-- --------------------------------------------------------

--
-- Table structure for table `services`
--

CREATE TABLE `services` (
  `id` int(10) NOT NULL,
  `service_name` varchar(40) NOT NULL,
  `description` text NOT NULL,
  `amount` varchar(10) NOT NULL,
  `validity` int(6) NOT NULL,
  `validity_unit` varchar(17) NOT NULL,
  `created_at` datetime NOT NULL,
  `f_id` varchar(10) NOT NULL
) ENGINE=InnoDB DEFAULT CHARSET=latin1;

--
-- Dumping data for table `services`
--

INSERT INTO `services` (`id`, `service_name`, `description`, `amount`, `validity`, `validity_unit`, `created_at`, `f_id`) VALUES
(1, 'installment of router', 'installment of both reciever and transmeter', '500', 1, 'once', '2019-04-05 15:10:22', '2');

-- --------------------------------------------------------

--
-- Table structure for table `service_purchase`
--

CREATE TABLE `service_purchase` (
  `id` int(10) NOT NULL,
  `service_name` varchar(70) NOT NULL,
  `vendor_name` varchar(30) NOT NULL,
  `selling_amount` varchar(5) NOT NULL,
  `purchase_amount` varchar(5) NOT NULL,
  `service_validity` varchar(4) NOT NULL,
  `service_validity_unit` varchar(9) NOT NULL,
  `created_at` datetime NOT NULL,
  `description` text NOT NULL,
  `f_id` varchar(6) NOT NULL
) ENGINE=InnoDB DEFAULT CHARSET=latin1;

-- --------------------------------------------------------

--
-- Table structure for table `sms_configuration`
--

CREATE TABLE `sms_configuration` (
  `id` int(10) NOT NULL,
  `auth_key` varchar(60) DEFAULT NULL,
  `url` varchar(200) DEFAULT NULL,
  `f_id` varchar(20) NOT NULL,
  `route` varchar(40) DEFAULT NULL,
  `sender_id` varchar(50) DEFAULT NULL
) ENGINE=InnoDB DEFAULT CHARSET=latin1;

--
-- Dumping data for table `sms_configuration`
--

INSERT INTO `sms_configuration` (`id`, `auth_key`, `url`, `f_id`, `route`, `sender_id`) VALUES
(1, '3832AsCceYITm5346e8ad', 'http://sms.9yug.net/sendhttp.php', '0', 'default', 'navyug'),
(26, NULL, NULL, '18', NULL, NULL),
(27, NULL, NULL, '1', NULL, NULL),
(28, NULL, NULL, '2', NULL, NULL),
(29, NULL, NULL, '3', NULL, NULL),
(30, NULL, NULL, '4', NULL, NULL),
(31, NULL, NULL, '1', NULL, NULL),
(32, NULL, NULL, '2', NULL, NULL);

-- --------------------------------------------------------

--
-- Table structure for table `staff`
--

CREATE TABLE `staff` (
  `id` int(8) NOT NULL,
  `name` varchar(100) NOT NULL,
  `mobile` varchar(20) NOT NULL,
  `email` varchar(50) NOT NULL,
  `profile_image` varchar(255) DEFAULT NULL,
  `gender` varchar(10) NOT NULL,
  `f_id` int(10) DEFAULT NULL,
  `status` int(2) DEFAULT '1',
  `created_at` datetime NOT NULL
) ENGINE=InnoDB DEFAULT CHARSET=latin1;

--
-- Dumping data for table `staff`
--

INSERT INTO `staff` (`id`, `name`, `mobile`, `email`, `profile_image`, `gender`, `f_id`, `status`, `created_at`) VALUES
(1, 'rahul', '7828161459', 'rahul@gmail.com', NULL, 'male', 1, 1, '2019-03-19 15:15:23'),
(2, 'rahul', '7828161459', 'rahul@gmail.com', NULL, 'male', 2, 1, '2019-03-19 15:16:06'),
(3, 'rahul', '7828161459', 'rahul@gmail.com', NULL, 'male', 3, 1, '2019-03-19 15:20:54'),
(4, 'rahul', '7828161459', 'rahul@gmail.com', NULL, 'male', 4, 1, '2019-03-19 15:25:17'),
(5, 'vivek chourasiya', '7828161459', 'vivek@gmail.com', 'Koala.jpg', 'male', 1, 1, '2019-03-19 16:07:57'),
(6, 'anurag', '3131231232', 'anurag@gmail.com', 'Jellyfish.jpg', 'male', 2, 1, '2019-03-19 18:11:57'),
(7, 'mathresh', '3482534782', 'mathresh@gmail.com', NULL, 'male', 1, 1, '2019-03-20 14:31:31');

-- --------------------------------------------------------

--
-- Table structure for table `target_sales`
--

CREATE TABLE `target_sales` (
  `id` int(10) NOT NULL,
  `f_id` varchar(9) NOT NULL,
  `target` varchar(20) NOT NULL,
  `start_date` datetime NOT NULL,
  `end_date` datetime NOT NULL
) ENGINE=InnoDB DEFAULT CHARSET=latin1;

-- --------------------------------------------------------

--
-- Table structure for table `task`
--

CREATE TABLE `task` (
  `id` int(100) NOT NULL,
  `ticket_id` varchar(50) NOT NULL,
  `task` varchar(250) NOT NULL,
  `created_by` varchar(100) NOT NULL,
  `assign` varchar(100) NOT NULL,
  `f_id` varchar(100) NOT NULL
) ENGINE=InnoDB DEFAULT CHARSET=latin1;

-- --------------------------------------------------------

--
-- Table structure for table `team_group`
--

CREATE TABLE `team_group` (
  `id` int(5) NOT NULL,
  `name` varchar(100) NOT NULL,
  `head_name` varchar(100) NOT NULL,
  `description` text,
  `f_id` varchar(100) NOT NULL,
  `created_at` datetime NOT NULL DEFAULT '0000-00-00 00:00:00' ON UPDATE CURRENT_TIMESTAMP
) ENGINE=InnoDB DEFAULT CHARSET=latin1;

--
-- Dumping data for table `team_group`
--

INSERT INTO `team_group` (`id`, `name`, `head_name`, `description`, `f_id`, `created_at`) VALUES
(1, 'software', 'vivek', 'handels software issues.', '2', '2019-04-26 17:24:56');

-- --------------------------------------------------------

--
-- Table structure for table `template_email`
--

CREATE TABLE `template_email` (
  `id` int(10) NOT NULL,
  `f_id` varchar(40) NOT NULL,
  `module` varchar(50) NOT NULL,
  `context` text NOT NULL,
  `subject` varchar(40) NOT NULL,
  `date` timestamp NOT NULL DEFAULT CURRENT_TIMESTAMP
) ENGINE=InnoDB DEFAULT CHARSET=latin1;

--
-- Dumping data for table `template_email`
--

INSERT INTO `template_email` (`id`, `f_id`, `module`, `context`, `subject`, `date`) VALUES
(53, '1', 'ticket', 'dear {name} your ticket id {ticket_id} is generated.', 'ticket', '2019-03-19 10:37:58'),
(54, '1', 'user credential', 'Your Username is    {username} and Password is   {password} to login the panel click in this url {url}.', 'user credential', '2019-03-19 10:37:58'),
(55, '2', 'ticket', 'dear {name} your ticket id {ticket_id} is generated.', 'ticket', '2019-03-19 12:41:57'),
(56, '2', 'user credential', 'Your Username is    {username} and Password is   {password} to login the panel click in this url {url}.', 'user credential', '2019-03-19 12:41:57');

-- --------------------------------------------------------

--
-- Table structure for table `template_sms`
--

CREATE TABLE `template_sms` (
  `id` int(10) NOT NULL,
  `f_id` varchar(30) NOT NULL,
  `context` text NOT NULL,
  `module` varchar(200) NOT NULL
) ENGINE=InnoDB DEFAULT CHARSET=latin1;

--
-- Dumping data for table `template_sms`
--

INSERT INTO `template_sms` (`id`, `f_id`, `context`, `module`) VALUES
(61, '1', 'Dear {name} your ticket id {ticket_id} is generated.', 'ticket'),
(62, '1', 'Your Username is    {username} and Password is   {password} to login the panel click in this url {url}.', 'user credential'),
(63, '2', 'Dear {name} your ticket id {ticket_id} is generated.', 'ticket'),
(64, '2', 'Your Username is    {username} and Password is   {password} to login the panel click in this url {url}.', 'user credential');

-- --------------------------------------------------------

--
-- Table structure for table `ticket`
--

CREATE TABLE `ticket` (
  `id` int(11) NOT NULL,
  `name` varchar(50) NOT NULL,
  `ticket_id` varchar(100) NOT NULL,
  `crn_number` varchar(100) NOT NULL,
  `mobile` varchar(20) NOT NULL,
  `email` varchar(50) NOT NULL,
  `location` text NOT NULL,
  `comment` varchar(200) NOT NULL,
  `description` text NOT NULL,
  `type` varchar(10) NOT NULL,
  `lead` varchar(100) NOT NULL,
  `assign` varchar(50) DEFAULT NULL,
  `f_id` varchar(40) NOT NULL,
  `status` enum('open','close','request to close') NOT NULL,
  `priority` varchar(10) NOT NULL,
  `attend_type` varchar(70) DEFAULT NULL,
  `created_by` varchar(100) NOT NULL,
  `created_at` datetime NOT NULL
) ENGINE=InnoDB DEFAULT CHARSET=latin1;

--
-- Dumping data for table `ticket`
--

INSERT INTO `ticket` (`id`, `name`, `ticket_id`, `crn_number`, `mobile`, `email`, `location`, `comment`, `description`, `type`, `lead`, `assign`, `f_id`, `status`, `priority`, `attend_type`, `created_by`, `created_at`) VALUES
(1, 'mohan', '1', '1', '6372132692', 'mohan@gmail.com', 'supela ghadi chowk, durg, 491001', '', 'need 12 mp camera', '', 'camera', '1', '1', 'close', '7', 'call', '5', '2019-03-19 16:35:21'),
(2, 'mohan', '2', '1', '6372132692', 'mohan@gmail.com', 'supela ghadi chowk, durg, 491001', '', 'new connection', '', 'internet', '1', '1', 'open', '8', 'call', '5', '2019-03-20 12:52:11'),
(3, 'mohan', '3', '1', '6372132692', 'mohan@gmail.com', 'supela ghadi chowk, durg, 491001', '', 'speed issue', '', 'internet', '1', '1', 'request to close', '8', 'call', '5', '2019-03-20 13:35:11'),
(4, 'mohan', '4', '1', '6372132692', 'mohan@gmail.com', 'supela ghadi chowk, durg, 491001', '', 'router signal problem', '', 'camera', '', '1', 'open', '5', 'call', '5', '2019-03-20 14:51:25'),
(5, 'rana singh', '1', '2', '8215387527', 'rana@gmail.com', 's, durg, 491001', '', 'problem on router', '', 'camera', '1', '2', 'open', '3', 'call', '6', '2019-04-05 14:43:56'),
(6, 'rana singh', '2', '2', '8215387527', 'rana@gmail.com', 's, durg, 491001', '', 'new order', '', 'camera', '1', '2', 'open', '8', 'sms', '6', '2019-04-25 16:43:33');

-- --------------------------------------------------------

--
-- Table structure for table `ticket_assign_map`
--

CREATE TABLE `ticket_assign_map` (
  `id` int(11) NOT NULL,
  `ticket_id` varchar(50) DEFAULT NULL,
  `assign_id` varchar(50) DEFAULT NULL,
  `f_id` varchar(10) DEFAULT NULL,
  `created_at` datetime DEFAULT NULL
) ENGINE=InnoDB DEFAULT CHARSET=latin1;

--
-- Dumping data for table `ticket_assign_map`
--

INSERT INTO `ticket_assign_map` (`id`, `ticket_id`, `assign_id`, `f_id`, `created_at`) VALUES
(1, '1', '1', '1', NULL),
(2, '2', '1', '1', NULL),
(3, '2', '5', '1', NULL),
(4, '3', '1', '1', '2019-03-20 14:38:12'),
(5, '1', '6', '2', '2019-04-05 14:43:56'),
(6, '2', '6', '2', '2019-04-25 16:43:33');

-- --------------------------------------------------------

--
-- Table structure for table `user_authentication`
--

CREATE TABLE `user_authentication` (
  `id` int(5) NOT NULL,
  `username` varchar(20) NOT NULL,
  `password` varchar(40) NOT NULL,
  `authorization_id` int(2) NOT NULL,
  `staff_id` int(5) DEFAULT NULL,
  `crn_number` int(10) DEFAULT NULL,
  `type` int(3) DEFAULT NULL,
  `f_id` varchar(8) NOT NULL,
  `clear_text` varchar(20) NOT NULL
) ENGINE=InnoDB DEFAULT CHARSET=latin1;

--
-- Dumping data for table `user_authentication`
--

INSERT INTO `user_authentication` (`id`, `username`, `password`, `authorization_id`, `staff_id`, `crn_number`, `type`, `f_id`, `clear_text`) VALUES
(1, 'super', '827ccb0eea8a706c4c34a16891f84e7b', 1, NULL, NULL, NULL, '0', '12345'),
(48, '1_1552991878', '4241a33d4bbd43ce9dbc3b747738e754', 2, 5, NULL, 2, '1', '173921'),
(49, 'admin', '827ccb0eea8a706c4c34a16891f84e7b', 2, 6, NULL, 3, '2', '12345'),
(50, '1_521', '4e0340e67da925e5836fa012a0475c81', 3, 7, NULL, 2, '1', '69776995');

-- --------------------------------------------------------

--
-- Table structure for table `vendor`
--

CREATE TABLE `vendor` (
  `id` int(10) NOT NULL,
  `name` varchar(50) NOT NULL,
  `company_name` varchar(50) DEFAULT NULL,
  `email` varchar(40) NOT NULL,
  `mobile` varchar(13) NOT NULL,
  `gender` varchar(15) DEFAULT NULL,
  `address` text NOT NULL,
  `city` varchar(30) DEFAULT NULL,
  `pincode` int(7) DEFAULT NULL,
  `f_id` int(13) NOT NULL,
  `created_at` datetime NOT NULL,
  `staff_id` int(11) DEFAULT NULL
) ENGINE=InnoDB DEFAULT CHARSET=latin1;

--
-- Dumping data for table `vendor`
--

INSERT INTO `vendor` (`id`, `name`, `company_name`, `email`, `mobile`, `gender`, `address`, `city`, `pincode`, `f_id`, `created_at`, `staff_id`) VALUES
(1, 'navkar', 'navkar info pvt lmd', 'navkar@gmail.com', '4323423423', 'male', 'supela ghadi chowk', 'durg', 491001, 1, '2019-03-19 16:23:25', 5),
(2, 'rana', 'enextit', 'rana@gmail.com', '5435435345', 'male', 'supela ghadi chowk', 'durg', 491001, 2, '2019-03-20 10:31:18', 6);

--
-- Indexes for dumped tables
--

--
-- Indexes for table `account_transaction`
--
ALTER TABLE `account_transaction`
  ADD PRIMARY KEY (`id`);

--
-- Indexes for table `books`
--
ALTER TABLE `books`
  ADD PRIMARY KEY (`id`);

--
-- Indexes for table `category`
--
ALTER TABLE `category`
  ADD PRIMARY KEY (`id`);

--
-- Indexes for table `ci_sessions`
--
ALTER TABLE `ci_sessions`
  ADD KEY `ci_sessions_timestamp` (`timestamp`);

--
-- Indexes for table `crn`
--
ALTER TABLE `crn`
  ADD PRIMARY KEY (`id`);

--
-- Indexes for table `daily_report`
--
ALTER TABLE `daily_report`
  ADD PRIMARY KEY (`id`);

--
-- Indexes for table `email_configuration`
--
ALTER TABLE `email_configuration`
  ADD PRIMARY KEY (`id`);

--
-- Indexes for table `invoices`
--
ALTER TABLE `invoices`
  ADD PRIMARY KEY (`id`);

--
-- Indexes for table `issue_report`
--
ALTER TABLE `issue_report`
  ADD PRIMARY KEY (`id`);

--
-- Indexes for table `item_details`
--
ALTER TABLE `item_details`
  ADD PRIMARY KEY (`id`);

--
-- Indexes for table `item_list`
--
ALTER TABLE `item_list`
  ADD PRIMARY KEY (`id`);

--
-- Indexes for table `item_report`
--
ALTER TABLE `item_report`
  ADD PRIMARY KEY (`id`);

--
-- Indexes for table `leave_category`
--
ALTER TABLE `leave_category`
  ADD PRIMARY KEY (`id`);

--
-- Indexes for table `leave_request`
--
ALTER TABLE `leave_request`
  ADD PRIMARY KEY (`id`);

--
-- Indexes for table `log_login`
--
ALTER TABLE `log_login`
  ADD PRIMARY KEY (`id`);

--
-- Indexes for table `log_outgoing_sms`
--
ALTER TABLE `log_outgoing_sms`
  ADD PRIMARY KEY (`id`);

--
-- Indexes for table `log_ticket`
--
ALTER TABLE `log_ticket`
  ADD PRIMARY KEY (`id`);

--
-- Indexes for table `map_group_member`
--
ALTER TABLE `map_group_member`
  ADD PRIMARY KEY (`id`);

--
-- Indexes for table `master_invoice`
--
ALTER TABLE `master_invoice`
  ADD PRIMARY KEY (`id`);

--
-- Indexes for table `master_payment_type`
--
ALTER TABLE `master_payment_type`
  ADD PRIMARY KEY (`id`);

--
-- Indexes for table `payment_details`
--
ALTER TABLE `payment_details`
  ADD PRIMARY KEY (`id`);

--
-- Indexes for table `purchase_item`
--
ALTER TABLE `purchase_item`
  ADD PRIMARY KEY (`id`);

--
-- Indexes for table `quotation`
--
ALTER TABLE `quotation`
  ADD PRIMARY KEY (`id`);

--
-- Indexes for table `quotation_details`
--
ALTER TABLE `quotation_details`
  ADD PRIMARY KEY (`id`);

--
-- Indexes for table `sales`
--
ALTER TABLE `sales`
  ADD PRIMARY KEY (`id`);

--
-- Indexes for table `sales_details`
--
ALTER TABLE `sales_details`
  ADD PRIMARY KEY (`id`);

--
-- Indexes for table `seller`
--
ALTER TABLE `seller`
  ADD PRIMARY KEY (`id`);

--
-- Indexes for table `seller_setting`
--
ALTER TABLE `seller_setting`
  ADD PRIMARY KEY (`id`);

--
-- Indexes for table `services`
--
ALTER TABLE `services`
  ADD PRIMARY KEY (`id`);

--
-- Indexes for table `service_purchase`
--
ALTER TABLE `service_purchase`
  ADD PRIMARY KEY (`id`);

--
-- Indexes for table `sms_configuration`
--
ALTER TABLE `sms_configuration`
  ADD PRIMARY KEY (`id`);

--
-- Indexes for table `staff`
--
ALTER TABLE `staff`
  ADD PRIMARY KEY (`id`);

--
-- Indexes for table `target_sales`
--
ALTER TABLE `target_sales`
  ADD PRIMARY KEY (`id`);

--
-- Indexes for table `team_group`
--
ALTER TABLE `team_group`
  ADD PRIMARY KEY (`id`);

--
-- Indexes for table `template_email`
--
ALTER TABLE `template_email`
  ADD PRIMARY KEY (`id`);

--
-- Indexes for table `template_sms`
--
ALTER TABLE `template_sms`
  ADD PRIMARY KEY (`id`);

--
-- Indexes for table `ticket`
--
ALTER TABLE `ticket`
  ADD PRIMARY KEY (`id`);

--
-- Indexes for table `ticket_assign_map`
--
ALTER TABLE `ticket_assign_map`
  ADD PRIMARY KEY (`id`);

--
-- Indexes for table `user_authentication`
--
ALTER TABLE `user_authentication`
  ADD PRIMARY KEY (`id`);

--
-- Indexes for table `vendor`
--
ALTER TABLE `vendor`
  ADD PRIMARY KEY (`id`);

--
-- AUTO_INCREMENT for dumped tables
--

--
-- AUTO_INCREMENT for table `account_transaction`
--
ALTER TABLE `account_transaction`
  MODIFY `id` int(11) NOT NULL AUTO_INCREMENT, AUTO_INCREMENT=15;

--
-- AUTO_INCREMENT for table `books`
--
ALTER TABLE `books`
  MODIFY `id` int(10) NOT NULL AUTO_INCREMENT;

--
-- AUTO_INCREMENT for table `category`
--
ALTER TABLE `category`
  MODIFY `id` int(10) NOT NULL AUTO_INCREMENT, AUTO_INCREMENT=37;

--
-- AUTO_INCREMENT for table `crn`
--
ALTER TABLE `crn`
  MODIFY `id` int(10) NOT NULL AUTO_INCREMENT, AUTO_INCREMENT=3;

--
-- AUTO_INCREMENT for table `daily_report`
--
ALTER TABLE `daily_report`
  MODIFY `id` int(5) NOT NULL AUTO_INCREMENT, AUTO_INCREMENT=6;

--
-- AUTO_INCREMENT for table `email_configuration`
--
ALTER TABLE `email_configuration`
  MODIFY `id` int(11) NOT NULL AUTO_INCREMENT, AUTO_INCREMENT=30;

--
-- AUTO_INCREMENT for table `invoices`
--
ALTER TABLE `invoices`
  MODIFY `id` int(10) NOT NULL AUTO_INCREMENT, AUTO_INCREMENT=9;

--
-- AUTO_INCREMENT for table `issue_report`
--
ALTER TABLE `issue_report`
  MODIFY `id` int(5) NOT NULL AUTO_INCREMENT, AUTO_INCREMENT=5;

--
-- AUTO_INCREMENT for table `item_details`
--
ALTER TABLE `item_details`
  MODIFY `id` int(10) NOT NULL AUTO_INCREMENT, AUTO_INCREMENT=41;

--
-- AUTO_INCREMENT for table `item_list`
--
ALTER TABLE `item_list`
  MODIFY `id` int(10) NOT NULL AUTO_INCREMENT, AUTO_INCREMENT=3;

--
-- AUTO_INCREMENT for table `item_report`
--
ALTER TABLE `item_report`
  MODIFY `id` int(10) NOT NULL AUTO_INCREMENT;

--
-- AUTO_INCREMENT for table `leave_category`
--
ALTER TABLE `leave_category`
  MODIFY `id` int(5) NOT NULL AUTO_INCREMENT, AUTO_INCREMENT=5;

--
-- AUTO_INCREMENT for table `leave_request`
--
ALTER TABLE `leave_request`
  MODIFY `id` int(5) NOT NULL AUTO_INCREMENT, AUTO_INCREMENT=6;

--
-- AUTO_INCREMENT for table `log_login`
--
ALTER TABLE `log_login`
  MODIFY `id` int(10) NOT NULL AUTO_INCREMENT, AUTO_INCREMENT=23;

--
-- AUTO_INCREMENT for table `log_outgoing_sms`
--
ALTER TABLE `log_outgoing_sms`
  MODIFY `id` int(10) NOT NULL AUTO_INCREMENT, AUTO_INCREMENT=3;

--
-- AUTO_INCREMENT for table `log_ticket`
--
ALTER TABLE `log_ticket`
  MODIFY `id` int(8) NOT NULL AUTO_INCREMENT, AUTO_INCREMENT=10;

--
-- AUTO_INCREMENT for table `map_group_member`
--
ALTER TABLE `map_group_member`
  MODIFY `id` int(5) NOT NULL AUTO_INCREMENT, AUTO_INCREMENT=2;

--
-- AUTO_INCREMENT for table `master_invoice`
--
ALTER TABLE `master_invoice`
  MODIFY `id` int(8) NOT NULL AUTO_INCREMENT, AUTO_INCREMENT=10;

--
-- AUTO_INCREMENT for table `master_payment_type`
--
ALTER TABLE `master_payment_type`
  MODIFY `id` int(10) NOT NULL AUTO_INCREMENT, AUTO_INCREMENT=5;

--
-- AUTO_INCREMENT for table `payment_details`
--
ALTER TABLE `payment_details`
  MODIFY `id` int(10) NOT NULL AUTO_INCREMENT, AUTO_INCREMENT=7;

--
-- AUTO_INCREMENT for table `purchase_item`
--
ALTER TABLE `purchase_item`
  MODIFY `id` int(10) NOT NULL AUTO_INCREMENT, AUTO_INCREMENT=4;

--
-- AUTO_INCREMENT for table `quotation`
--
ALTER TABLE `quotation`
  MODIFY `id` int(10) NOT NULL AUTO_INCREMENT, AUTO_INCREMENT=3;

--
-- AUTO_INCREMENT for table `quotation_details`
--
ALTER TABLE `quotation_details`
  MODIFY `id` int(10) NOT NULL AUTO_INCREMENT, AUTO_INCREMENT=4;

--
-- AUTO_INCREMENT for table `sales`
--
ALTER TABLE `sales`
  MODIFY `id` int(10) NOT NULL AUTO_INCREMENT, AUTO_INCREMENT=10;

--
-- AUTO_INCREMENT for table `sales_details`
--
ALTER TABLE `sales_details`
  MODIFY `id` int(10) NOT NULL AUTO_INCREMENT, AUTO_INCREMENT=11;

--
-- AUTO_INCREMENT for table `seller`
--
ALTER TABLE `seller`
  MODIFY `id` int(10) NOT NULL AUTO_INCREMENT, AUTO_INCREMENT=3;

--
-- AUTO_INCREMENT for table `seller_setting`
--
ALTER TABLE `seller_setting`
  MODIFY `id` int(20) NOT NULL AUTO_INCREMENT, AUTO_INCREMENT=3;

--
-- AUTO_INCREMENT for table `services`
--
ALTER TABLE `services`
  MODIFY `id` int(10) NOT NULL AUTO_INCREMENT, AUTO_INCREMENT=2;

--
-- AUTO_INCREMENT for table `service_purchase`
--
ALTER TABLE `service_purchase`
  MODIFY `id` int(10) NOT NULL AUTO_INCREMENT;

--
-- AUTO_INCREMENT for table `sms_configuration`
--
ALTER TABLE `sms_configuration`
  MODIFY `id` int(10) NOT NULL AUTO_INCREMENT, AUTO_INCREMENT=33;

--
-- AUTO_INCREMENT for table `staff`
--
ALTER TABLE `staff`
  MODIFY `id` int(8) NOT NULL AUTO_INCREMENT, AUTO_INCREMENT=8;

--
-- AUTO_INCREMENT for table `target_sales`
--
ALTER TABLE `target_sales`
  MODIFY `id` int(10) NOT NULL AUTO_INCREMENT;

--
-- AUTO_INCREMENT for table `team_group`
--
ALTER TABLE `team_group`
  MODIFY `id` int(5) NOT NULL AUTO_INCREMENT, AUTO_INCREMENT=2;

--
-- AUTO_INCREMENT for table `template_email`
--
ALTER TABLE `template_email`
  MODIFY `id` int(10) NOT NULL AUTO_INCREMENT, AUTO_INCREMENT=57;

--
-- AUTO_INCREMENT for table `template_sms`
--
ALTER TABLE `template_sms`
  MODIFY `id` int(10) NOT NULL AUTO_INCREMENT, AUTO_INCREMENT=65;

--
-- AUTO_INCREMENT for table `ticket`
--
ALTER TABLE `ticket`
  MODIFY `id` int(11) NOT NULL AUTO_INCREMENT, AUTO_INCREMENT=7;

--
-- AUTO_INCREMENT for table `ticket_assign_map`
--
ALTER TABLE `ticket_assign_map`
  MODIFY `id` int(11) NOT NULL AUTO_INCREMENT, AUTO_INCREMENT=7;

--
-- AUTO_INCREMENT for table `user_authentication`
--
ALTER TABLE `user_authentication`
  MODIFY `id` int(5) NOT NULL AUTO_INCREMENT, AUTO_INCREMENT=51;

--
-- AUTO_INCREMENT for table `vendor`
--
ALTER TABLE `vendor`
  MODIFY `id` int(10) NOT NULL AUTO_INCREMENT, AUTO_INCREMENT=3;
COMMIT;

/*!40101 SET CHARACTER_SET_CLIENT=@OLD_CHARACTER_SET_CLIENT */;
/*!40101 SET CHARACTER_SET_RESULTS=@OLD_CHARACTER_SET_RESULTS */;
/*!40101 SET COLLATION_CONNECTION=@OLD_COLLATION_CONNECTION */;
